,censustract,state,county,lilatracts_1and10,lilatracts_halfand10,lilatracts_1and20,lilatracts_vehicle,urban,rural,la1and10,lahalfand10,la1and20,latracts_half,latracts1,latracts10,latracts20,latractsvehicle_20,hunvflag,groupquartersflag,ohu2010,numgqtrs,pctgqtrs,lowincometracts,pop2010,uatyp10,lapophalf,lapophalfshare,lalowihalf,lalowihalfshare,lakidshalf,lakidshalfshare,laseniorshalf,laseniorshalfshare,lahunvhalf,lahunvhalfshare,lapop1,lapop1share,lalowi1,lalowi1share,lakids1,lakids1share,laseniors1,laseniors1share,lahunv1,lahunv1share,lapop10,lapop10share,lalowi10,lalowi10share,lakids10,lakids10share,laseniors10,laseniors10share,lahunv10,lahunv10share,lapop20,lapop20share,lalowi20,lalowi20share,lakids20,lakids20share,laseniors20,laseniors20share,lahunv20,lahunv20share
13901,11001000100,DC,District of Columbia,0,0,0,0,1,0,0,0,0,0,0,0,0,0,0,0,2686,24.0,0.004908,0,4890,U,67.06946754,0.013715638,7.883499503,0.001612168,8.755452156,0.014966585,8.274410725,0.009349617,11.393507,0.004241812,0.0,0.0,0.0,0.0,0.0,0.0,0.0,0.0,0.0,0.0,0.0,0.0,0.0,0.0,0.0,0.0,0.0,0.0,0.0,0.0,0.0,0.0,0.0,0.0,0.0,0.0,0.0,0.0,0.0,0.0
13902,11001000201,DC,District of Columbia,0,0,0,0,1,0,0,0,0,0,0,0,0,0,0,1,2,3908.0,0.9979571,0,3916,U,0.0,0.0,0.0,0.0,0.0,0.0,0.0,0.0,0.0,0.0,0.0,0.0,0.0,0.0,0.0,0.0,0.0,0.0,0.0,0.0,0.0,0.0,0.0,0.0,0.0,0.0,0.0,0.0,0.0,0.0,0.0,0.0,0.0,0.0,0.0,0.0,0.0,0.0,0.0,0.0
13903,11001000202,DC,District of Columbia,0,0,0,0,1,0,0,0,0,0,0,0,0,0,0,0,1933,1135.0,0.2092166,0,5425,U,0.0,0.0,0.0,0.0,0.0,0.0,0.0,0.0,0.0,0.0,0.0,0.0,0.0,0.0,0.0,0.0,0.0,0.0,0.0,0.0,0.0,0.0,0.0,0.0,0.0,0.0,0.0,0.0,0.0,0.0,0.0,0.0,0.0,0.0,0.0,0.0,0.0,0.0,0.0,0.0
13904,11001000300,DC,District of Columbia,0,0,0,0,1,0,0,1,0,1,0,0,0,1,1,0,2754,0.0,0.0,0,6233,U,1159.836906,0.186080043,296.0483383,0.047496926,82.53186306,0.119438297,50.92670571,0.110470077,195.5161739,0.070993527,0.0,0.0,0.0,0.0,0.0,0.0,0.0,0.0,0.0,0.0,0.0,0.0,0.0,0.0,0.0,0.0,0.0,0.0,0.0,0.0,0.0,0.0,0.0,0.0,0.0,0.0,0.0,0.0,0.0,0.0
13905,11001000400,DC,District of Columbia,0,0,0,0,1,0,0,0,0,0,0,0,0,0,0,0,636,6.0,0.0041237,0,1455,U,269.3659059,0.185131207,23.17126103,0.015925265,62.8553585,0.265212483,57.80643656,0.207936822,15.91457892,0.025022923,0.0,0.0,0.0,0.0,0.0,0.0,0.0,0.0,0.0,0.0,0.0,0.0,0.0,0.0,0.0,0.0,0.0,0.0,0.0,0.0,0.0,0.0,0.0,0.0,0.0,0.0,0.0,0.0,0.0,0.0
13906,11001000501,DC,District of Columbia,0,0,0,0,1,0,0,1,0,1,0,0,0,1,1,0,2027,105.0,0.0311019,0,3376,U,1322.44081,0.39171825,327.4322779,0.096988234,56.89799008,0.314353536,73.55972791,0.272443437,315.0533555,0.155428394,0.0,0.0,0.0,0.0,0.0,0.0,0.0,0.0,0.0,0.0,0.0,0.0,0.0,0.0,0.0,0.0,0.0,0.0,0.0,0.0,0.0,0.0,0.0,0.0,0.0,0.0,0.0,0.0,0.0,0.0
13907,11001000502,DC,District of Columbia,0,0,0,0,1,0,0,1,0,1,0,0,0,1,1,0,1643,6.0,0.0018815,0,3189,U,2060.433,0.646106303,184.525505,0.057863125,323.8813925,0.803675912,240.6415406,0.612319442,276.1385746,0.168069735,0.0,0.0,0.0,0.0,0.0,0.0,0.0,0.0,0.0,0.0,0.0,0.0,0.0,0.0,0.0,0.0,0.0,0.0,0.0,0.0,0.0,0.0,0.0,0.0,0.0,0.0,0.0,0.0,0.0,0.0
13908,11001000600,DC,District of Columbia,0,0,0,0,1,0,0,0,0,0,0,0,0,0,0,0,2108,182.0,0.0400969,0,4539,U,3.843141794,0.000846693,0.28203097,6.2135e-05,0.56241101,0.000773605,0.356193632,0.000426069,0.682412982,0.000323725,0.0,0.0,0.0,0.0,0.0,0.0,0.0,0.0,0.0,0.0,0.0,0.0,0.0,0.0,0.0,0.0,0.0,0.0,0.0,0.0,0.0,0.0,0.0,0.0,0.0,0.0,0.0,0.0,0.0,0.0
13909,11001000701,DC,District of Columbia,0,0,0,0,1,0,0,1,0,1,0,0,0,0,0,0,2974,2.0,0.0004329,0,4620,U,900.2590637,0.194861269,4.729906946,0.001023789,32.07952118,0.087889099,486.8737664,0.456301562,44.88159847,0.015091324,0.0,0.0,0.0,0.0,0.0,0.0,0.0,0.0,0.0,0.0,0.0,0.0,0.0,0.0,0.0,0.0,0.0,0.0,0.0,0.0,0.0,0.0,0.0,0.0,0.0,0.0,0.0,0.0,0.0,0.0
13910,11001000702,DC,District of Columbia,0,0,0,0,1,0,0,1,0,1,0,0,0,1,1,0,2293,0.0,0.0,0,3364,U,1332.709305,0.396168045,148.593832,0.044171769,69.96937323,0.440058951,132.5055016,0.469877665,242.9200268,0.105939829,0.0,0.0,0.0,0.0,0.0,0.0,0.0,0.0,0.0,0.0,0.0,0.0,0.0,0.0,0.0,0.0,0.0,0.0,0.0,0.0,0.0,0.0,0.0,0.0,0.0,0.0,0.0,0.0,0.0,0.0
13911,11001000801,DC,District of Columbia,0,0,0,0,1,0,0,1,0,1,0,0,0,1,1,0,3207,373.0,0.055597,0,6709,U,3369.621276,0.502253879,287.5015271,0.042853112,540.3851799,0.530830236,781.3324203,0.574931877,152.4393377,0.047533314,0.0,0.0,0.0,0.0,0.0,0.0,0.0,0.0,0.0,0.0,0.0,0.0,0.0,0.0,0.0,0.0,0.0,0.0,0.0,0.0,0.0,0.0,0.0,0.0,0.0,0.0,0.0,0.0,0.0,0.0
13912,11001000802,DC,District of Columbia,0,0,0,0,1,0,0,0,0,0,0,0,0,0,0,0,1336,0.0,0.0,0,2869,U,12.50550264,0.004358837,2.002471671,0.000697969,4.02629739,0.009341757,2.133048058,0.007206243,0.323073042,0.000241821,0.0,0.0,0.0,0.0,0.0,0.0,0.0,0.0,0.0,0.0,0.0,0.0,0.0,0.0,0.0,0.0,0.0,0.0,0.0,0.0,0.0,0.0,0.0,0.0,0.0,0.0,0.0,0.0,0.0,0.0
13913,11001000901,DC,District of Columbia,0,0,0,0,1,0,1,1,1,1,1,0,0,0,0,0,1558,3028.0,0.4220209,0,7175,U,5522.990648,0.769754794,300.1792976,0.041836836,715.4715431,0.684661764,641.81956,0.719528655,48.79295201,0.031317684,547.5804767,0.076317836,52.84830014,0.007365617,114.6405593,0.109703885,200.2767712,0.224525528,15.36345449,0.009861011,0.0,0.0,0.0,0.0,0.0,0.0,0.0,0.0,0.0,0.0,0.0,0.0,0.0,0.0,0.0,0.0,0.0,0.0,0.0,0.0
13914,11001000902,DC,District of Columbia,0,0,0,0,1,0,1,1,1,1,1,0,0,0,0,0,833,0.0,0.0,0,2092,U,1554.6238,0.743128011,106.573727,0.050943464,395.9542982,0.72254434,251.3588665,0.766338008,30.10754902,0.036143516,579.159657,0.27684496,34.54321732,0.016512054,176.1541662,0.321449208,77.39946318,0.235973973,14.10936369,0.016938012,0.0,0.0,0.0,0.0,0.0,0.0,0.0,0.0,0.0,0.0,0.0,0.0,0.0,0.0,0.0,0.0,0.0,0.0,0.0,0.0
13915,11001001001,DC,District of Columbia,0,0,0,0,1,0,0,0,0,0,0,0,0,0,0,0,2727,558.0,0.0750403,0,7436,U,173.2589784,0.023300024,29.73151887,0.003998322,25.26728833,0.016645117,13.27753453,0.013398118,2.399418238,0.000879875,0.0,0.0,0.0,0.0,0.0,0.0,0.0,0.0,0.0,0.0,0.0,0.0,0.0,0.0,0.0,0.0,0.0,0.0,0.0,0.0,0.0,0.0,0.0,0.0,0.0,0.0,0.0,0.0,0.0,0.0
13916,11001001002,DC,District of Columbia,0,0,0,0,1,0,0,1,0,1,0,0,0,1,1,0,2089,0.0,0.0,0,3442,U,967.838562,0.28118494,465.5425873,0.135253512,20.05083847,0.092827956,78.66098213,0.279932321,227.9818878,0.10913446,0.0,0.0,0.0,0.0,0.0,0.0,0.0,0.0,0.0,0.0,0.0,0.0,0.0,0.0,0.0,0.0,0.0,0.0,0.0,0.0,0.0,0.0,0.0,0.0,0.0,0.0,0.0,0.0,0.0,0.0
13917,11001001100,DC,District of Columbia,0,0,0,0,1,0,0,0,0,0,0,0,0,0,0,0,2118,94.0,0.0196694,0,4779,U,0.0,0.0,0.0,0.0,0.0,0.0,0.0,0.0,0.0,0.0,0.0,0.0,0.0,0.0,0.0,0.0,0.0,0.0,0.0,0.0,0.0,0.0,0.0,0.0,0.0,0.0,0.0,0.0,0.0,0.0,0.0,0.0,0.0,0.0,0.0,0.0,0.0,0.0,0.0,0.0
13918,11001001200,DC,District of Columbia,0,0,0,0,1,0,0,0,0,0,0,0,0,0,0,0,2516,20.0,0.0039936,0,5008,U,0.0,0.0,0.0,0.0,0.0,0.0,0.0,0.0,0.0,0.0,0.0,0.0,0.0,0.0,0.0,0.0,0.0,0.0,0.0,0.0,0.0,0.0,0.0,0.0,0.0,0.0,0.0,0.0,0.0,0.0,0.0,0.0,0.0,0.0,0.0,0.0,0.0,0.0,0.0,0.0
13919,11001001301,DC,District of Columbia,0,0,0,0,1,0,0,0,0,0,0,0,0,0,0,0,2030,103.0,0.026043,0,3955,U,105.9727418,0.026794625,7.622948582,0.001927421,21.66890715,0.045332442,21.14274066,0.036898326,5.801969629,0.002858113,0.0,0.0,0.0,0.0,0.0,0.0,0.0,0.0,0.0,0.0,0.0,0.0,0.0,0.0,0.0,0.0,0.0,0.0,0.0,0.0,0.0,0.0,0.0,0.0,0.0,0.0,0.0,0.0,0.0,0.0
13920,11001001302,DC,District of Columbia,0,0,0,0,1,0,0,0,0,0,0,0,0,0,0,0,4795,0.0,0.0,0,6857,U,70.76061797,0.010319472,5.755049407,0.000839296,10.63455144,0.039681162,17.90289617,0.01864885,9.79261747,0.002042256,0.0,0.0,0.0,0.0,0.0,0.0,0.0,0.0,0.0,0.0,0.0,0.0,0.0,0.0,0.0,0.0,0.0,0.0,0.0,0.0,0.0,0.0,0.0,0.0,0.0,0.0,0.0,0.0,0.0,0.0
13921,11001001401,DC,District of Columbia,0,0,0,0,1,0,0,0,0,0,0,0,0,0,0,0,1415,4.0,0.0012995,0,3078,U,433.2012111,0.140741134,78.28015733,0.02543215,126.9664714,0.192665359,51.41692303,0.115284581,47.45179551,0.033534838,0.0,0.0,0.0,0.0,0.0,0.0,0.0,0.0,0.0,0.0,0.0,0.0,0.0,0.0,0.0,0.0,0.0,0.0,0.0,0.0,0.0,0.0,0.0,0.0,0.0,0.0,0.0,0.0,0.0,0.0
13922,11001001402,DC,District of Columbia,0,0,0,0,1,0,0,1,0,1,0,0,0,0,0,0,1472,0.0,0.0,0,2998,U,720.771056,0.240417297,21.94664127,0.007320427,174.3390239,0.315831565,133.6651143,0.180141663,16.66097956,0.0113186,0.0,0.0,0.0,0.0,0.0,0.0,0.0,0.0,0.0,0.0,0.0,0.0,0.0,0.0,0.0,0.0,0.0,0.0,0.0,0.0,0.0,0.0,0.0,0.0,0.0,0.0,0.0,0.0,0.0,0.0
13923,11001001500,DC,District of Columbia,0,0,0,0,1,0,1,1,1,1,1,0,0,1,1,0,2081,293.0,0.0495686,0,5911,U,5305.042633,0.897486488,194.08369,0.032834324,1343.933699,0.87268422,1189.11788,0.937790126,134.4508094,0.06460875,1819.518743,0.307819107,45.95189886,0.007773964,367.016898,0.238322661,625.6556903,0.493419314,52.40006776,0.025180234,0.0,0.0,0.0,0.0,0.0,0.0,0.0,0.0,0.0,0.0,0.0,0.0,0.0,0.0,0.0,0.0,0.0,0.0,0.0,0.0
13924,11001001600,DC,District of Columbia,0,0,0,0,1,0,0,1,0,1,0,0,0,0,0,0,1620,32.0,0.0080869,0,3957,U,2493.992862,0.630273657,164.8252082,0.041654083,462.194485,0.643724909,593.4870554,0.63747267,66.79798975,0.041233327,8.872065544,0.002242119,0.520240903,0.000131474,1.731134653,0.002411051,2.380310059,0.002556724,0.207736164,0.000128232,0.0,0.0,0.0,0.0,0.0,0.0,0.0,0.0,0.0,0.0,0.0,0.0,0.0,0.0,0.0,0.0,0.0,0.0,0.0,0.0
13925,11001001702,DC,District of Columbia,0,0,0,0,1,0,0,1,0,1,0,0,0,0,0,0,1230,29.0,0.0109682,0,2644,U,671.8532423,0.254104857,191.4848009,0.072422391,101.5676709,0.273767307,139.7297177,0.376629967,11.00383437,0.008946207,0.0,0.0,0.0,0.0,0.0,0.0,0.0,0.0,0.0,0.0,0.0,0.0,0.0,0.0,0.0,0.0,0.0,0.0,0.0,0.0,0.0,0.0,0.0,0.0,0.0,0.0,0.0,0.0,0.0,0.0
13926,11001001803,DC,District of Columbia,0,0,0,0,1,0,0,0,0,0,0,0,0,0,0,0,1543,0.0,0.0,1,3514,U,190.0056763,0.054071052,59.3961091,0.016902706,47.71175206,0.069348477,20.5068485,0.052047839,25.53942212,0.016551797,1.520091414,0.000432582,0.339013189,9.6475e-05,0.437992424,0.000636617,0.206114084,0.000523132,0.167092055,0.00010829,0.0,0.0,0.0,0.0,0.0,0.0,0.0,0.0,0.0,0.0,0.0,0.0,0.0,0.0,0.0,0.0,0.0,0.0,0.0,0.0
13927,11001001804,DC,District of Columbia,0,0,0,0,1,0,0,0,0,0,0,0,0,0,0,0,1812,24.0,0.0053571,1,4480,U,213.4722824,0.047650063,119.7619801,0.026732585,61.11725998,0.059977684,13.77563572,0.02504661,43.56069422,0.024040118,0.0,0.0,0.0,0.0,0.0,0.0,0.0,0.0,0.0,0.0,0.0,0.0,0.0,0.0,0.0,0.0,0.0,0.0,0.0,0.0,0.0,0.0,0.0,0.0,0.0,0.0,0.0,0.0,0.0,0.0
13928,11001001901,DC,District of Columbia,0,1,0,0,1,0,0,1,0,1,0,0,0,0,0,0,1503,13.0,0.0032371,1,4016,U,580.3827676,0.144517621,181.6198738,0.045224072,114.3549117,0.138444203,100.0511324,0.139153174,32.41433448,0.021566423,0.0,0.0,0.0,0.0,0.0,0.0,0.0,0.0,0.0,0.0,0.0,0.0,0.0,0.0,0.0,0.0,0.0,0.0,0.0,0.0,0.0,0.0,0.0,0.0,0.0,0.0,0.0,0.0,0.0,0.0
13929,11001001902,DC,District of Columbia,0,1,0,1,1,0,0,1,0,1,0,0,0,1,1,0,807,10.0,0.0050787,1,1969,U,1914.155218,0.97214587,421.3244971,0.213978922,338.9527111,0.985327648,371.6456776,0.983189623,117.8078492,0.145982465,0.0,0.0,0.0,0.0,0.0,0.0,0.0,0.0,0.0,0.0,0.0,0.0,0.0,0.0,0.0,0.0,0.0,0.0,0.0,0.0,0.0,0.0,0.0,0.0,0.0,0.0,0.0,0.0,0.0,0.0
13930,11001002001,DC,District of Columbia,0,1,0,1,1,0,0,1,0,1,0,0,0,1,1,0,915,31.0,0.0132479,1,2340,U,2339.999949,0.999999978,576.6689114,0.246439706,442.9999956,0.99999999,278.9999986,0.999999995,303.7806896,0.332000754,13.54754737,0.00578955,1.073768555,0.000458875,1.365311193,0.003081967,2.299867666,0.008243253,0.928206232,0.001014433,0.0,0.0,0.0,0.0,0.0,0.0,0.0,0.0,0.0,0.0,0.0,0.0,0.0,0.0,0.0,0.0,0.0,0.0,0.0,0.0
13931,11001002002,DC,District of Columbia,0,1,0,1,1,0,0,1,0,1,0,0,0,1,1,0,1334,45.0,0.0118017,1,3813,U,3607.51602,0.94610963,702.850481,0.18433005,777.3477956,0.949142608,478.2090045,0.926761637,213.3879253,0.159960963,44.47531652,0.011664127,3.407561541,0.000893669,7.884272531,0.009626706,11.49441111,0.022275991,0.915251039,0.000686095,0.0,0.0,0.0,0.0,0.0,0.0,0.0,0.0,0.0,0.0,0.0,0.0,0.0,0.0,0.0,0.0,0.0,0.0,0.0,0.0
13932,11001002101,DC,District of Columbia,0,1,0,1,1,0,0,1,0,1,0,0,0,1,1,0,1983,0.0,0.0,1,5309,U,5309.000034,1.000000006,1960.015447,0.369187313,1154.000005,1.000000004,575.0000046,1.000000008,492.779019,0.248501775,0.0,0.0,0.0,0.0,0.0,0.0,0.0,0.0,0.0,0.0,0.0,0.0,0.0,0.0,0.0,0.0,0.0,0.0,0.0,0.0,0.0,0.0,0.0,0.0,0.0,0.0,0.0,0.0,0.0,0.0
13933,11001002102,DC,District of Columbia,1,1,1,1,1,0,1,1,1,1,1,0,0,1,1,0,1900,16.0,0.0034423,1,4648,U,4648.00004,1.000000009,1359.901946,0.292577871,995.9999957,0.999999996,709.9999998,1.0,466.0590339,0.245294228,1774.602094,0.381799074,455.5373494,0.098007175,358.6501282,0.36009049,297.881243,0.419551046,186.915925,0.098376803,0.0,0.0,0.0,0.0,0.0,0.0,0.0,0.0,0.0,0.0,0.0,0.0,0.0,0.0,0.0,0.0,0.0,0.0,0.0,0.0
13934,11001002201,DC,District of Columbia,0,0,0,0,1,0,0,1,0,1,0,0,0,1,1,0,1110,9.0,0.0026148,0,3442,U,2956.937906,0.85907551,710.1489071,0.206318683,628.2686595,0.875025988,447.6276388,0.859170132,155.7225234,0.140290562,0.0,0.0,0.0,0.0,0.0,0.0,0.0,0.0,0.0,0.0,0.0,0.0,0.0,0.0,0.0,0.0,0.0,0.0,0.0,0.0,0.0,0.0,0.0,0.0,0.0,0.0,0.0,0.0,0.0,0.0
13935,11001002202,DC,District of Columbia,0,1,0,1,1,0,0,1,0,1,0,0,0,1,1,0,1272,15.0,0.0048591,1,3087,U,3065.730349,0.993109928,1148.96757,0.37219552,641.1727119,0.990993372,350.9114921,0.994083547,450.7093318,0.354331236,164.630507,0.053330258,63.83315039,0.020678053,31.00439155,0.047920234,15.617367,0.044241833,26.11196935,0.020528278,0.0,0.0,0.0,0.0,0.0,0.0,0.0,0.0,0.0,0.0,0.0,0.0,0.0,0.0,0.0,0.0,0.0,0.0,0.0,0.0
13936,11001002301,DC,District of Columbia,0,0,0,0,1,0,0,0,0,0,0,0,0,0,0,0,1069,10.0,0.0033625,1,2974,U,356.7472458,0.119955362,72.31401026,0.024315404,66.61312905,0.115647793,48.30578041,0.119273532,49.66455169,0.046458888,0.0,0.0,0.0,0.0,0.0,0.0,0.0,0.0,0.0,0.0,0.0,0.0,0.0,0.0,0.0,0.0,0.0,0.0,0.0,0.0,0.0,0.0,0.0,0.0,0.0,0.0,0.0,0.0,0.0,0.0
13937,11001002302,DC,District of Columbia,0,1,0,1,1,0,0,1,0,1,0,0,0,1,1,0,1216,292.0,0.1434185,1,2036,U,1604.386123,0.788008901,669.4205372,0.328792012,72.36392491,0.598048966,961.1599644,0.975796918,369.3814496,0.303767639,0.0,0.0,0.0,0.0,0.0,0.0,0.0,0.0,0.0,0.0,0.0,0.0,0.0,0.0,0.0,0.0,0.0,0.0,0.0,0.0,0.0,0.0,0.0,0.0,0.0,0.0,0.0,0.0,0.0,0.0
13938,11001002400,DC,District of Columbia,0,0,0,0,1,0,0,0,0,0,0,0,0,0,0,0,1275,79.0,0.0218353,1,3618,U,0.0,0.0,0.0,0.0,0.0,0.0,0.0,0.0,0.0,0.0,0.0,0.0,0.0,0.0,0.0,0.0,0.0,0.0,0.0,0.0,0.0,0.0,0.0,0.0,0.0,0.0,0.0,0.0,0.0,0.0,0.0,0.0,0.0,0.0,0.0,0.0,0.0,0.0,0.0,0.0
13939,11001002501,DC,District of Columbia,0,1,0,1,1,0,0,1,0,1,0,0,0,1,1,0,1004,28.0,0.0109632,1,2554,U,1673.642421,0.655302436,429.9446622,0.168341684,299.8654977,0.649059519,215.8527171,0.547849536,106.6665581,0.106241592,0.0,0.0,0.0,0.0,0.0,0.0,0.0,0.0,0.0,0.0,0.0,0.0,0.0,0.0,0.0,0.0,0.0,0.0,0.0,0.0,0.0,0.0,0.0,0.0,0.0,0.0,0.0,0.0,0.0,0.0
13940,11001002502,DC,District of Columbia,0,1,0,1,1,0,0,1,0,1,0,0,0,1,1,0,2151,53.0,0.0088733,1,5973,U,957.0599586,0.160231033,288.9510609,0.048376203,195.9453499,0.170832912,61.57625869,0.132137894,133.7136626,0.062163488,0.0,0.0,0.0,0.0,0.0,0.0,0.0,0.0,0.0,0.0,0.0,0.0,0.0,0.0,0.0,0.0,0.0,0.0,0.0,0.0,0.0,0.0,0.0,0.0,0.0,0.0,0.0,0.0,0.0,0.0
13941,11001002600,DC,District of Columbia,0,0,0,0,1,0,0,1,0,1,0,0,0,0,0,0,947,3.0,0.001385,0,2166,U,1826.39927,0.84321296,262.514216,0.121197699,308.0856819,0.880244805,360.3960126,0.874747604,43.38350216,0.045811512,121.3157253,0.056009107,20.69234204,0.009553251,22.32764411,0.063793269,25.69789672,0.062373536,1.108047009,0.00117006,0.0,0.0,0.0,0.0,0.0,0.0,0.0,0.0,0.0,0.0,0.0,0.0,0.0,0.0,0.0,0.0,0.0,0.0,0.0,0.0
13942,11001002701,DC,District of Columbia,0,0,0,0,1,0,0,0,0,0,0,0,0,0,0,0,2655,161.0,0.0307663,0,5233,U,25.67573357,0.004906504,8.926897049,0.001705885,4.314801693,0.007073445,2.024227858,0.004114284,0.959494412,0.000361391,0.0,0.0,0.0,0.0,0.0,0.0,0.0,0.0,0.0,0.0,0.0,0.0,0.0,0.0,0.0,0.0,0.0,0.0,0.0,0.0,0.0,0.0,0.0,0.0,0.0,0.0,0.0,0.0,0.0,0.0
13943,11001002702,DC,District of Columbia,0,0,0,0,1,0,0,0,0,0,0,0,0,0,0,0,2311,19.0,0.0036357,0,5226,U,0.0,0.0,0.0,0.0,0.0,0.0,0.0,0.0,0.0,0.0,0.0,0.0,0.0,0.0,0.0,0.0,0.0,0.0,0.0,0.0,0.0,0.0,0.0,0.0,0.0,0.0,0.0,0.0,0.0,0.0,0.0,0.0,0.0,0.0,0.0,0.0,0.0,0.0,0.0,0.0
13944,11001002801,DC,District of Columbia,0,0,0,0,1,0,0,0,0,0,0,0,0,0,0,0,1646,43.0,0.0113968,1,3773,U,0.0,0.0,0.0,0.0,0.0,0.0,0.0,0.0,0.0,0.0,0.0,0.0,0.0,0.0,0.0,0.0,0.0,0.0,0.0,0.0,0.0,0.0,0.0,0.0,0.0,0.0,0.0,0.0,0.0,0.0,0.0,0.0,0.0,0.0,0.0,0.0,0.0,0.0,0.0,0.0
13945,11001002802,DC,District of Columbia,0,0,0,0,1,0,0,0,0,0,0,0,0,0,0,0,1935,197.0,0.0460603,1,4277,U,0.0,0.0,0.0,0.0,0.0,0.0,0.0,0.0,0.0,0.0,0.0,0.0,0.0,0.0,0.0,0.0,0.0,0.0,0.0,0.0,0.0,0.0,0.0,0.0,0.0,0.0,0.0,0.0,0.0,0.0,0.0,0.0,0.0,0.0,0.0,0.0,0.0,0.0,0.0,0.0
13946,11001002900,DC,District of Columbia,0,0,0,0,1,0,0,0,0,0,0,0,0,0,0,0,1448,14.0,0.0035336,1,3962,U,0.0,0.0,0.0,0.0,0.0,0.0,0.0,0.0,0.0,0.0,0.0,0.0,0.0,0.0,0.0,0.0,0.0,0.0,0.0,0.0,0.0,0.0,0.0,0.0,0.0,0.0,0.0,0.0,0.0,0.0,0.0,0.0,0.0,0.0,0.0,0.0,0.0,0.0,0.0,0.0
13947,11001003000,DC,District of Columbia,0,0,0,0,1,0,0,0,0,0,0,0,0,0,0,0,1489,30.0,0.0088287,1,3398,U,0.0,0.0,0.0,0.0,0.0,0.0,0.0,0.0,0.0,0.0,0.0,0.0,0.0,0.0,0.0,0.0,0.0,0.0,0.0,0.0,0.0,0.0,0.0,0.0,0.0,0.0,0.0,0.0,0.0,0.0,0.0,0.0,0.0,0.0,0.0,0.0,0.0,0.0,0.0,0.0
13948,11001003100,DC,District of Columbia,0,0,0,0,1,0,0,0,0,0,0,0,0,0,0,0,1009,29.0,0.010052,1,2885,U,0.0,0.0,0.0,0.0,0.0,0.0,0.0,0.0,0.0,0.0,0.0,0.0,0.0,0.0,0.0,0.0,0.0,0.0,0.0,0.0,0.0,0.0,0.0,0.0,0.0,0.0,0.0,0.0,0.0,0.0,0.0,0.0,0.0,0.0,0.0,0.0,0.0,0.0,0.0,0.0
13949,11001003200,DC,District of Columbia,0,0,0,0,1,0,0,0,0,0,0,0,0,0,0,0,1669,23.0,0.0046815,1,4913,U,0.0,0.0,0.0,0.0,0.0,0.0,0.0,0.0,0.0,0.0,0.0,0.0,0.0,0.0,0.0,0.0,0.0,0.0,0.0,0.0,0.0,0.0,0.0,0.0,0.0,0.0,0.0,0.0,0.0,0.0,0.0,0.0,0.0,0.0,0.0,0.0,0.0,0.0,0.0,0.0
13950,11001003301,DC,District of Columbia,0,1,0,1,1,0,0,1,0,1,0,0,0,1,1,0,1405,0.0,0.0,1,3198,U,3197.885748,0.999964274,813.599064,0.254408713,369.9907249,0.999974932,239.9924135,0.99996839,418.912246,0.298158182,0.0,0.0,0.0,0.0,0.0,0.0,0.0,0.0,0.0,0.0,0.0,0.0,0.0,0.0,0.0,0.0,0.0,0.0,0.0,0.0,0.0,0.0,0.0,0.0,0.0,0.0,0.0,0.0,0.0,0.0
13951,11001003302,DC,District of Columbia,0,1,0,1,1,0,0,1,0,1,0,0,0,1,1,0,887,21.0,0.0098407,1,2134,U,1102.350844,0.516565532,332.5401127,0.155829481,152.593219,0.548896471,73.63353297,0.570802581,107.0324566,0.120667933,0.0,0.0,0.0,0.0,0.0,0.0,0.0,0.0,0.0,0.0,0.0,0.0,0.0,0.0,0.0,0.0,0.0,0.0,0.0,0.0,0.0,0.0,0.0,0.0,0.0,0.0,0.0,0.0,0.0,0.0
13952,11001003400,DC,District of Columbia,0,1,0,1,1,0,0,1,0,1,0,0,0,1,1,0,1025,2145.0,0.4934438,1,4347,U,3457.800881,0.795445337,1903.615455,0.437914758,296.3286431,0.846653266,150.2040337,0.807548569,370.5148263,0.361477879,0.0,0.0,0.0,0.0,0.0,0.0,0.0,0.0,0.0,0.0,0.0,0.0,0.0,0.0,0.0,0.0,0.0,0.0,0.0,0.0,0.0,0.0,0.0,0.0,0.0,0.0,0.0,0.0,0.0,0.0
13953,11001003500,DC,District of Columbia,0,0,0,0,1,0,0,0,0,0,0,0,0,0,0,0,964,1516.0,0.4053476,1,3740,U,0.0,0.0,0.0,0.0,0.0,0.0,0.0,0.0,0.0,0.0,0.0,0.0,0.0,0.0,0.0,0.0,0.0,0.0,0.0,0.0,0.0,0.0,0.0,0.0,0.0,0.0,0.0,0.0,0.0,0.0,0.0,0.0,0.0,0.0,0.0,0.0,0.0,0.0,0.0,0.0
13954,11001003600,DC,District of Columbia,0,0,0,0,1,0,0,0,0,0,0,0,0,0,0,0,1987,99.0,0.0235266,1,4208,U,0.0,0.0,0.0,0.0,0.0,0.0,0.0,0.0,0.0,0.0,0.0,0.0,0.0,0.0,0.0,0.0,0.0,0.0,0.0,0.0,0.0,0.0,0.0,0.0,0.0,0.0,0.0,0.0,0.0,0.0,0.0,0.0,0.0,0.0,0.0,0.0,0.0,0.0,0.0,0.0
13955,11001003700,DC,District of Columbia,0,0,0,0,1,0,0,0,0,0,0,0,0,0,0,0,2401,702.0,0.1218116,1,5763,U,0.0,0.0,0.0,0.0,0.0,0.0,0.0,0.0,0.0,0.0,0.0,0.0,0.0,0.0,0.0,0.0,0.0,0.0,0.0,0.0,0.0,0.0,0.0,0.0,0.0,0.0,0.0,0.0,0.0,0.0,0.0,0.0,0.0,0.0,0.0,0.0,0.0,0.0,0.0,0.0
13956,11001003800,DC,District of Columbia,0,0,0,0,1,0,0,0,0,0,0,0,0,0,0,0,2625,68.0,0.0147378,0,4614,U,0.0,0.0,0.0,0.0,0.0,0.0,0.0,0.0,0.0,0.0,0.0,0.0,0.0,0.0,0.0,0.0,0.0,0.0,0.0,0.0,0.0,0.0,0.0,0.0,0.0,0.0,0.0,0.0,0.0,0.0,0.0,0.0,0.0,0.0,0.0,0.0,0.0,0.0,0.0,0.0
13957,11001003900,DC,District of Columbia,0,0,0,0,1,0,0,0,0,0,0,0,0,0,0,0,2806,43.0,0.0096111,0,4474,U,0.0,0.0,0.0,0.0,0.0,0.0,0.0,0.0,0.0,0.0,0.0,0.0,0.0,0.0,0.0,0.0,0.0,0.0,0.0,0.0,0.0,0.0,0.0,0.0,0.0,0.0,0.0,0.0,0.0,0.0,0.0,0.0,0.0,0.0,0.0,0.0,0.0,0.0,0.0,0.0
13958,11001004001,DC,District of Columbia,0,0,0,0,1,0,0,0,0,0,0,0,0,0,0,0,2305,0.0,0.0,0,3745,U,0.0,0.0,0.0,0.0,0.0,0.0,0.0,0.0,0.0,0.0,0.0,0.0,0.0,0.0,0.0,0.0,0.0,0.0,0.0,0.0,0.0,0.0,0.0,0.0,0.0,0.0,0.0,0.0,0.0,0.0,0.0,0.0,0.0,0.0,0.0,0.0,0.0,0.0,0.0,0.0
13959,11001004002,DC,District of Columbia,0,0,0,0,1,0,0,0,0,0,0,0,0,0,0,0,1762,0.0,0.0,0,2797,U,0.0,0.0,0.0,0.0,0.0,0.0,0.0,0.0,0.0,0.0,0.0,0.0,0.0,0.0,0.0,0.0,0.0,0.0,0.0,0.0,0.0,0.0,0.0,0.0,0.0,0.0,0.0,0.0,0.0,0.0,0.0,0.0,0.0,0.0,0.0,0.0,0.0,0.0,0.0,0.0
13960,11001004100,DC,District of Columbia,0,0,0,0,1,0,0,0,0,0,0,0,0,0,0,0,1494,60.0,0.0221566,0,2708,U,186.5184407,0.068876824,17.11640289,0.006320681,20.86399424,0.092318559,47.29091963,0.104165021,11.82688344,0.007916254,0.0,0.0,0.0,0.0,0.0,0.0,0.0,0.0,0.0,0.0,0.0,0.0,0.0,0.0,0.0,0.0,0.0,0.0,0.0,0.0,0.0,0.0,0.0,0.0,0.0,0.0,0.0,0.0,0.0,0.0
13961,11001004201,DC,District of Columbia,0,0,0,0,1,0,0,0,0,0,0,0,0,0,0,0,2113,0.0,0.0,1,3342,U,0.0,0.0,0.0,0.0,0.0,0.0,0.0,0.0,0.0,0.0,0.0,0.0,0.0,0.0,0.0,0.0,0.0,0.0,0.0,0.0,0.0,0.0,0.0,0.0,0.0,0.0,0.0,0.0,0.0,0.0,0.0,0.0,0.0,0.0,0.0,0.0,0.0,0.0,0.0,0.0
13962,11001004202,DC,District of Columbia,0,0,0,0,1,0,0,0,0,0,0,0,0,0,0,0,1787,124.0,0.0447492,0,2771,U,0.0,0.0,0.0,0.0,0.0,0.0,0.0,0.0,0.0,0.0,0.0,0.0,0.0,0.0,0.0,0.0,0.0,0.0,0.0,0.0,0.0,0.0,0.0,0.0,0.0,0.0,0.0,0.0,0.0,0.0,0.0,0.0,0.0,0.0,0.0,0.0,0.0,0.0,0.0,0.0
13963,11001004300,DC,District of Columbia,0,0,0,0,1,0,0,0,0,0,0,0,0,0,0,0,1943,26.0,0.0079877,1,3255,U,0.0,0.0,0.0,0.0,0.0,0.0,0.0,0.0,0.0,0.0,0.0,0.0,0.0,0.0,0.0,0.0,0.0,0.0,0.0,0.0,0.0,0.0,0.0,0.0,0.0,0.0,0.0,0.0,0.0,0.0,0.0,0.0,0.0,0.0,0.0,0.0,0.0,0.0,0.0,0.0
13964,11001004400,DC,District of Columbia,0,0,0,0,1,0,0,0,0,0,0,0,0,0,0,0,2493,35.0,0.0076553,0,4572,U,0.0,0.0,0.0,0.0,0.0,0.0,0.0,0.0,0.0,0.0,0.0,0.0,0.0,0.0,0.0,0.0,0.0,0.0,0.0,0.0,0.0,0.0,0.0,0.0,0.0,0.0,0.0,0.0,0.0,0.0,0.0,0.0,0.0,0.0,0.0,0.0,0.0,0.0,0.0,0.0
13965,11001004600,DC,District of Columbia,0,0,0,0,1,0,0,0,0,0,0,0,0,0,0,0,1268,12.0,0.003963,0,3028,U,0.0,0.0,0.0,0.0,0.0,0.0,0.0,0.0,0.0,0.0,0.0,0.0,0.0,0.0,0.0,0.0,0.0,0.0,0.0,0.0,0.0,0.0,0.0,0.0,0.0,0.0,0.0,0.0,0.0,0.0,0.0,0.0,0.0,0.0,0.0,0.0,0.0,0.0,0.0,0.0
13966,11001004701,DC,District of Columbia,0,0,0,0,1,0,0,0,0,0,0,0,0,0,0,0,2002,67.0,0.0168088,1,3986,U,381.620079,0.09574011,325.8144836,0.08173971,118.9840183,0.129330455,36.61183214,0.073814178,90.66209984,0.045285764,0.0,0.0,0.0,0.0,0.0,0.0,0.0,0.0,0.0,0.0,0.0,0.0,0.0,0.0,0.0,0.0,0.0,0.0,0.0,0.0,0.0,0.0,0.0,0.0,0.0,0.0,0.0,0.0,0.0,0.0
13967,11001004702,DC,District of Columbia,0,1,0,0,1,0,0,1,0,1,0,0,0,0,0,0,922,300.0,0.1664817,1,1802,U,560.9980316,0.311319662,346.701381,0.192398103,64.89054871,0.418648701,218.0332222,0.825883417,70.20701122,0.076146433,0.0,0.0,0.0,0.0,0.0,0.0,0.0,0.0,0.0,0.0,0.0,0.0,0.0,0.0,0.0,0.0,0.0,0.0,0.0,0.0,0.0,0.0,0.0,0.0,0.0,0.0,0.0,0.0,0.0,0.0
13968,11001004801,DC,District of Columbia,0,0,0,0,1,0,0,0,0,0,0,0,0,0,0,0,1078,37.0,0.0172655,0,2143,U,118.7789793,0.055426495,30.06890535,0.01403122,10.05712155,0.048120199,5.481271923,0.022649884,26.38864982,0.024479267,0.0,0.0,0.0,0.0,0.0,0.0,0.0,0.0,0.0,0.0,0.0,0.0,0.0,0.0,0.0,0.0,0.0,0.0,0.0,0.0,0.0,0.0,0.0,0.0,0.0,0.0,0.0,0.0,0.0,0.0
13969,11001004802,DC,District of Columbia,0,0,0,0,1,0,0,0,0,0,0,0,0,0,0,0,1382,42.0,0.0143737,1,2922,U,0.0,0.0,0.0,0.0,0.0,0.0,0.0,0.0,0.0,0.0,0.0,0.0,0.0,0.0,0.0,0.0,0.0,0.0,0.0,0.0,0.0,0.0,0.0,0.0,0.0,0.0,0.0,0.0,0.0,0.0,0.0,0.0,0.0,0.0,0.0,0.0,0.0,0.0,0.0,0.0
13970,11001004901,DC,District of Columbia,0,0,0,0,1,0,0,0,0,0,0,0,0,0,0,0,971,36.0,0.0172496,1,2087,U,0.0,0.0,0.0,0.0,0.0,0.0,0.0,0.0,0.0,0.0,0.0,0.0,0.0,0.0,0.0,0.0,0.0,0.0,0.0,0.0,0.0,0.0,0.0,0.0,0.0,0.0,0.0,0.0,0.0,0.0,0.0,0.0,0.0,0.0,0.0,0.0,0.0,0.0,0.0,0.0
13971,11001004902,DC,District of Columbia,0,0,0,0,1,0,0,0,0,0,0,0,0,0,0,0,1417,0.0,0.0,1,2690,U,0.0,0.0,0.0,0.0,0.0,0.0,0.0,0.0,0.0,0.0,0.0,0.0,0.0,0.0,0.0,0.0,0.0,0.0,0.0,0.0,0.0,0.0,0.0,0.0,0.0,0.0,0.0,0.0,0.0,0.0,0.0,0.0,0.0,0.0,0.0,0.0,0.0,0.0,0.0,0.0
13972,11001005001,DC,District of Columbia,0,0,0,0,1,0,0,0,0,0,0,0,0,0,0,0,952,109.0,0.0557545,0,1955,U,0.0,0.0,0.0,0.0,0.0,0.0,0.0,0.0,0.0,0.0,0.0,0.0,0.0,0.0,0.0,0.0,0.0,0.0,0.0,0.0,0.0,0.0,0.0,0.0,0.0,0.0,0.0,0.0,0.0,0.0,0.0,0.0,0.0,0.0,0.0,0.0,0.0,0.0,0.0,0.0
13973,11001005002,DC,District of Columbia,0,0,0,0,1,0,0,0,0,0,0,0,0,0,0,0,3475,123.0,0.0204285,1,6021,U,0.0,0.0,0.0,0.0,0.0,0.0,0.0,0.0,0.0,0.0,0.0,0.0,0.0,0.0,0.0,0.0,0.0,0.0,0.0,0.0,0.0,0.0,0.0,0.0,0.0,0.0,0.0,0.0,0.0,0.0,0.0,0.0,0.0,0.0,0.0,0.0,0.0,0.0,0.0,0.0
13974,11001005201,DC,District of Columbia,0,0,0,0,1,0,0,0,0,0,0,0,0,0,0,0,4200,2.0,0.0003291,0,6077,U,0.0,0.0,0.0,0.0,0.0,0.0,0.0,0.0,0.0,0.0,0.0,0.0,0.0,0.0,0.0,0.0,0.0,0.0,0.0,0.0,0.0,0.0,0.0,0.0,0.0,0.0,0.0,0.0,0.0,0.0,0.0,0.0,0.0,0.0,0.0,0.0,0.0,0.0,0.0,0.0
13975,11001005301,DC,District of Columbia,0,0,0,0,1,0,0,0,0,0,0,0,0,0,0,0,3608,15.0,0.0029697,0,5051,U,0.0,0.0,0.0,0.0,0.0,0.0,0.0,0.0,0.0,0.0,0.0,0.0,0.0,0.0,0.0,0.0,0.0,0.0,0.0,0.0,0.0,0.0,0.0,0.0,0.0,0.0,0.0,0.0,0.0,0.0,0.0,0.0,0.0,0.0,0.0,0.0,0.0,0.0,0.0,0.0
13976,11001005500,DC,District of Columbia,0,0,0,0,1,0,0,0,0,0,0,0,0,0,0,0,4185,551.0,0.0825963,0,6671,U,0.0,0.0,0.0,0.0,0.0,0.0,0.0,0.0,0.0,0.0,0.0,0.0,0.0,0.0,0.0,0.0,0.0,0.0,0.0,0.0,0.0,0.0,0.0,0.0,0.0,0.0,0.0,0.0,0.0,0.0,0.0,0.0,0.0,0.0,0.0,0.0,0.0,0.0,0.0,0.0
13977,11001005600,DC,District of Columbia,0,0,0,0,1,0,0,0,0,0,0,0,0,0,0,0,3347,1933.0,0.286116,1,6756,U,0.005402182,7.99612e-07,0.001061375,1.57101e-07,0.0,0.0,0.0,0.0,0.0,0.0,0.0,0.0,0.0,0.0,0.0,0.0,0.0,0.0,0.0,0.0,0.0,0.0,0.0,0.0,0.0,0.0,0.0,0.0,0.0,0.0,0.0,0.0,0.0,0.0,0.0,0.0,0.0,0.0,0.0,0.0
13978,11001005800,DC,District of Columbia,0,0,0,0,1,0,0,1,0,1,0,0,0,1,1,0,1810,125.0,0.0441696,0,2830,U,1579.082965,0.557979846,123.3682674,0.043593027,57.54219116,0.47951826,137.6185094,0.439675749,482.3867098,0.266511994,0.0,0.0,0.0,0.0,0.0,0.0,0.0,0.0,0.0,0.0,0.0,0.0,0.0,0.0,0.0,0.0,0.0,0.0,0.0,0.0,0.0,0.0,0.0,0.0,0.0,0.0,0.0,0.0,0.0,0.0
13979,11001005900,DC,District of Columbia,0,1,0,1,1,0,0,1,0,1,0,0,0,1,1,0,1523,550.0,0.1834556,1,2998,U,908.999999,0.303202134,455.6577954,0.151987257,48.00000004,0.424778761,58.00000018,0.379084968,185.7363088,0.121954241,0.0,0.0,0.0,0.0,0.0,0.0,0.0,0.0,0.0,0.0,0.0,0.0,0.0,0.0,0.0,0.0,0.0,0.0,0.0,0.0,0.0,0.0,0.0,0.0,0.0,0.0,0.0,0.0,0.0,0.0
13980,11001006202,DC,District of Columbia,0,0,0,0,1,0,0,1,0,1,0,0,0,0,0,0,8,16.0,0.4848485,0,33,U,21.01249423,0.63674225,0.0,0.0,0.413992234,0.103498058,0.0,0.0,0.0,0.0,0.0,0.0,0.0,0.0,0.0,0.0,0.0,0.0,0.0,0.0,0.0,0.0,0.0,0.0,0.0,0.0,0.0,0.0,0.0,0.0,0.0,0.0,0.0,0.0,0.0,0.0,0.0,0.0,0.0,0.0
13981,11001006400,DC,District of Columbia,0,0,0,0,1,0,0,0,0,0,0,0,0,0,0,0,977,0.0,0.0,1,2139,U,0.0,0.0,0.0,0.0,0.0,0.0,0.0,0.0,0.0,0.0,0.0,0.0,0.0,0.0,0.0,0.0,0.0,0.0,0.0,0.0,0.0,0.0,0.0,0.0,0.0,0.0,0.0,0.0,0.0,0.0,0.0,0.0,0.0,0.0,0.0,0.0,0.0,0.0,0.0,0.0
13982,11001006500,DC,District of Columbia,0,0,0,0,1,0,0,0,0,0,0,0,0,0,0,0,1320,111.0,0.0438562,0,2531,U,303.4795446,0.119904996,11.90141332,0.004702257,14.5522669,0.06192454,27.23574066,0.111166288,31.20307493,0.023638693,0.0,0.0,0.0,0.0,0.0,0.0,0.0,0.0,0.0,0.0,0.0,0.0,0.0,0.0,0.0,0.0,0.0,0.0,0.0,0.0,0.0,0.0,0.0,0.0,0.0,0.0,0.0,0.0,0.0,0.0
13983,11001006600,DC,District of Columbia,0,0,0,0,1,0,0,0,0,0,0,0,0,0,0,0,1016,0.0,0.0,0,1909,U,0.0,0.0,0.0,0.0,0.0,0.0,0.0,0.0,0.0,0.0,0.0,0.0,0.0,0.0,0.0,0.0,0.0,0.0,0.0,0.0,0.0,0.0,0.0,0.0,0.0,0.0,0.0,0.0,0.0,0.0,0.0,0.0,0.0,0.0,0.0,0.0,0.0,0.0,0.0,0.0
13984,11001006700,DC,District of Columbia,0,0,0,0,1,0,0,0,0,0,0,0,0,0,0,0,1866,3.0,0.0007947,0,3775,U,0.0,0.0,0.0,0.0,0.0,0.0,0.0,0.0,0.0,0.0,0.0,0.0,0.0,0.0,0.0,0.0,0.0,0.0,0.0,0.0,0.0,0.0,0.0,0.0,0.0,0.0,0.0,0.0,0.0,0.0,0.0,0.0,0.0,0.0,0.0,0.0,0.0,0.0,0.0,0.0
13985,11001006801,DC,District of Columbia,0,0,0,0,1,0,0,0,0,0,0,0,0,0,0,0,880,58.0,0.0297589,1,1949,U,0.0,0.0,0.0,0.0,0.0,0.0,0.0,0.0,0.0,0.0,0.0,0.0,0.0,0.0,0.0,0.0,0.0,0.0,0.0,0.0,0.0,0.0,0.0,0.0,0.0,0.0,0.0,0.0,0.0,0.0,0.0,0.0,0.0,0.0,0.0,0.0,0.0,0.0,0.0,0.0
13986,11001006802,DC,District of Columbia,0,0,0,0,1,0,0,0,0,0,0,0,0,0,0,0,921,15.0,0.0071977,0,2084,U,0.0,0.0,0.0,0.0,0.0,0.0,0.0,0.0,0.0,0.0,0.0,0.0,0.0,0.0,0.0,0.0,0.0,0.0,0.0,0.0,0.0,0.0,0.0,0.0,0.0,0.0,0.0,0.0,0.0,0.0,0.0,0.0,0.0,0.0,0.0,0.0,0.0,0.0,0.0,0.0
13987,11001006804,DC,District of Columbia,0,1,0,0,1,0,0,1,0,1,0,0,0,0,0,1,12,3630.0,0.9891008,1,3670,U,2486.810633,0.677605077,2267.386187,0.6178164,181.5440288,0.662569448,18.49693884,0.578029339,0.0,0.0,0.0,0.0,0.0,0.0,0.0,0.0,0.0,0.0,0.0,0.0,0.0,0.0,0.0,0.0,0.0,0.0,0.0,0.0,0.0,0.0,0.0,0.0,0.0,0.0,0.0,0.0,0.0,0.0,0.0,0.0
13988,11001006900,DC,District of Columbia,0,0,0,0,1,0,0,0,0,0,0,0,0,0,0,0,1114,9.0,0.0041303,0,2179,U,0.0,0.0,0.0,0.0,0.0,0.0,0.0,0.0,0.0,0.0,0.0,0.0,0.0,0.0,0.0,0.0,0.0,0.0,0.0,0.0,0.0,0.0,0.0,0.0,0.0,0.0,0.0,0.0,0.0,0.0,0.0,0.0,0.0,0.0,0.0,0.0,0.0,0.0,0.0,0.0
13989,11001007000,DC,District of Columbia,0,0,0,0,1,0,0,0,0,0,0,0,0,0,0,0,1195,639.0,0.2272404,0,2812,U,17.63973045,0.006273019,3.269618243,0.001162738,1.989525676,0.009210767,1.360403895,0.006127945,2.265228271,0.001895589,0.0,0.0,0.0,0.0,0.0,0.0,0.0,0.0,0.0,0.0,0.0,0.0,0.0,0.0,0.0,0.0,0.0,0.0,0.0,0.0,0.0,0.0,0.0,0.0,0.0,0.0,0.0,0.0,0.0,0.0
13990,11001007100,DC,District of Columbia,0,0,0,0,1,0,0,0,0,0,0,0,0,0,0,0,1342,6.0,0.0020611,1,2911,U,0.0,0.0,0.0,0.0,0.0,0.0,0.0,0.0,0.0,0.0,0.0,0.0,0.0,0.0,0.0,0.0,0.0,0.0,0.0,0.0,0.0,0.0,0.0,0.0,0.0,0.0,0.0,0.0,0.0,0.0,0.0,0.0,0.0,0.0,0.0,0.0,0.0,0.0,0.0,0.0
13991,11001007200,DC,District of Columbia,0,1,0,1,1,0,0,1,0,1,0,0,0,1,1,0,1830,0.0,0.0,1,2794,U,2157.858163,0.772318598,681.5076082,0.243918256,115.5737415,0.849806922,232.5723122,0.981317773,703.881955,0.384634948,0.0,0.0,0.0,0.0,0.0,0.0,0.0,0.0,0.0,0.0,0.0,0.0,0.0,0.0,0.0,0.0,0.0,0.0,0.0,0.0,0.0,0.0,0.0,0.0,0.0,0.0,0.0,0.0,0.0,0.0
13992,11001007301,DC,District of Columbia,0,1,0,0,1,0,0,1,0,1,0,0,0,0,0,0,812,483.0,0.1603586,1,3012,U,1564.12804,0.519298818,390.3951514,0.129613264,478.9936692,0.505267584,7.495810375,0.535415027,5.056370682,0.006227057,397.1748999,0.131864177,99.13201238,0.032912355,49.48366538,0.052197959,2.766844278,0.197631734,0.539004029,0.000663798,0.0,0.0,0.0,0.0,0.0,0.0,0.0,0.0,0.0,0.0,0.0,0.0,0.0,0.0,0.0,0.0,0.0,0.0,0.0,0.0
13993,11001007304,DC,District of Columbia,0,1,0,1,1,0,0,1,0,1,0,0,0,1,1,0,1198,242.0,0.0682459,1,3546,U,1049.569168,0.295986793,486.5365458,0.137207148,281.955436,0.252422055,178.6056259,0.455626597,145.3648758,0.121339629,0.0,0.0,0.0,0.0,0.0,0.0,0.0,0.0,0.0,0.0,0.0,0.0,0.0,0.0,0.0,0.0,0.0,0.0,0.0,0.0,0.0,0.0,0.0,0.0,0.0,0.0,0.0,0.0,0.0,0.0
13994,11001007401,DC,District of Columbia,0,1,0,1,1,0,0,1,0,1,0,0,0,1,1,0,771,19.0,0.0078708,1,2414,U,2348.49028,0.972862585,1798.969951,0.745223675,935.6343119,0.989042613,109.4609331,0.875687465,563.9190344,0.731412496,262.1167364,0.108581912,189.0188298,0.078301089,110.1916189,0.116481627,9.319776714,0.074558214,66.51522136,0.086271364,0.0,0.0,0.0,0.0,0.0,0.0,0.0,0.0,0.0,0.0,0.0,0.0,0.0,0.0,0.0,0.0,0.0,0.0,0.0,0.0
13995,11001007403,DC,District of Columbia,0,1,0,1,1,0,0,1,0,1,0,0,0,1,1,0,1092,0.0,0.0,1,2859,U,820.5233517,0.286996625,409.9639521,0.143394177,263.3948245,0.291688621,43.43770051,0.245410737,187.5930905,0.171788544,0.0,0.0,0.0,0.0,0.0,0.0,0.0,0.0,0.0,0.0,0.0,0.0,0.0,0.0,0.0,0.0,0.0,0.0,0.0,0.0,0.0,0.0,0.0,0.0,0.0,0.0,0.0,0.0,0.0,0.0
13996,11001007404,DC,District of Columbia,0,0,0,0,1,0,0,0,0,0,0,0,0,0,0,0,1106,6.0,0.0018127,1,3310,U,67.22258431,0.020308938,53.37888741,0.016126552,24.63511771,0.020359601,2.380825721,0.014787737,10.93242837,0.009884655,0.0,0.0,0.0,0.0,0.0,0.0,0.0,0.0,0.0,0.0,0.0,0.0,0.0,0.0,0.0,0.0,0.0,0.0,0.0,0.0,0.0,0.0,0.0,0.0,0.0,0.0,0.0,0.0,0.0,0.0
13997,11001007406,DC,District of Columbia,0,1,0,1,1,0,0,1,0,1,0,0,0,1,1,0,985,0.0,0.0,1,3063,U,2087.073055,0.681381996,1386.869493,0.452781421,786.2805872,0.637697151,86.97915411,0.783595983,314.7028685,0.319495298,0.0,0.0,0.0,0.0,0.0,0.0,0.0,0.0,0.0,0.0,0.0,0.0,0.0,0.0,0.0,0.0,0.0,0.0,0.0,0.0,0.0,0.0,0.0,0.0,0.0,0.0,0.0,0.0,0.0,0.0
13998,11001007407,DC,District of Columbia,0,1,0,1,1,0,0,1,0,1,0,0,0,1,1,0,1090,0.0,0.0,1,2587,U,1971.898368,0.762233617,1057.980606,0.40896042,595.544887,0.808066332,147.5819403,0.692872959,331.9156587,0.304509779,0.0,0.0,0.0,0.0,0.0,0.0,0.0,0.0,0.0,0.0,0.0,0.0,0.0,0.0,0.0,0.0,0.0,0.0,0.0,0.0,0.0,0.0,0.0,0.0,0.0,0.0,0.0,0.0,0.0,0.0
13999,11001007408,DC,District of Columbia,0,1,0,1,1,0,0,1,0,1,0,0,0,1,1,0,1053,275.0,0.0905201,1,3038,U,1238.657038,0.407721211,886.6859517,0.291865027,410.8632379,0.406392916,61.2579186,0.45376236,302.2697666,0.287055809,0.0,0.0,0.0,0.0,0.0,0.0,0.0,0.0,0.0,0.0,0.0,0.0,0.0,0.0,0.0,0.0,0.0,0.0,0.0,0.0,0.0,0.0,0.0,0.0,0.0,0.0,0.0,0.0,0.0,0.0
14000,11001007409,DC,District of Columbia,0,1,0,1,1,0,0,1,0,1,0,0,0,1,1,0,1417,0.0,0.0,1,3499,U,1906.602906,0.544899373,1121.09622,0.32040475,626.7543156,0.518836354,139.3136374,0.710783864,410.1504189,0.289449837,0.0,0.0,0.0,0.0,0.0,0.0,0.0,0.0,0.0,0.0,0.0,0.0,0.0,0.0,0.0,0.0,0.0,0.0,0.0,0.0,0.0,0.0,0.0,0.0,0.0,0.0,0.0,0.0,0.0,0.0
14001,11001007502,DC,District of Columbia,0,0,0,0,1,0,0,0,0,0,0,0,0,0,0,0,1677,358.0,0.0788373,1,4541,U,245.8754725,0.054145667,120.1019949,0.026448358,51.74059814,0.040108991,65.74222767,0.125942965,61.96075016,0.036947376,0.0,0.0,0.0,0.0,0.0,0.0,0.0,0.0,0.0,0.0,0.0,0.0,0.0,0.0,0.0,0.0,0.0,0.0,0.0,0.0,0.0,0.0,0.0,0.0,0.0,0.0,0.0,0.0,0.0,0.0
14002,11001007503,DC,District of Columbia,0,0,0,0,1,0,0,0,0,0,0,0,0,0,0,0,857,46.0,0.0189691,1,2425,U,0.0,0.0,0.0,0.0,0.0,0.0,0.0,0.0,0.0,0.0,0.0,0.0,0.0,0.0,0.0,0.0,0.0,0.0,0.0,0.0,0.0,0.0,0.0,0.0,0.0,0.0,0.0,0.0,0.0,0.0,0.0,0.0,0.0,0.0,0.0,0.0,0.0,0.0,0.0,0.0
14003,11001007504,DC,District of Columbia,0,0,0,0,1,0,0,0,0,0,0,0,0,0,0,0,1007,19.0,0.0077519,1,2451,U,327.7344609,0.13371459,219.5042984,0.089557037,117.8464924,0.147492481,16.96058469,0.094225471,64.21205229,0.063765692,0.0,0.0,0.0,0.0,0.0,0.0,0.0,0.0,0.0,0.0,0.0,0.0,0.0,0.0,0.0,0.0,0.0,0.0,0.0,0.0,0.0,0.0,0.0,0.0,0.0,0.0,0.0,0.0,0.0,0.0
14004,11001007601,DC,District of Columbia,0,1,0,1,1,0,0,1,0,1,0,0,0,1,1,0,1855,86.0,0.0197474,1,4355,U,1510.928834,0.346941179,406.4295388,0.093324808,328.4591318,0.347943996,220.9175448,0.359800561,142.9719361,0.07707382,0.0,0.0,0.0,0.0,0.0,0.0,0.0,0.0,0.0,0.0,0.0,0.0,0.0,0.0,0.0,0.0,0.0,0.0,0.0,0.0,0.0,0.0,0.0,0.0,0.0,0.0,0.0,0.0,0.0,0.0
14005,11001007603,DC,District of Columbia,1,1,1,1,1,0,1,1,1,1,1,0,0,1,1,0,2121,0.0,0.0,1,4044,U,2188.020959,0.54105365,437.2979951,0.108135014,374.6551306,0.525463016,371.5471373,0.576936549,255.897301,0.120649364,572.7254105,0.141623494,121.7089591,0.030096182,88.21511412,0.123723863,68.1958766,0.105894218,107.2122035,0.050547951,0.0,0.0,0.0,0.0,0.0,0.0,0.0,0.0,0.0,0.0,0.0,0.0,0.0,0.0,0.0,0.0,0.0,0.0,0.0,0.0
14006,11001007604,DC,District of Columbia,0,1,0,1,1,0,0,1,0,1,0,0,0,1,1,0,1750,26.0,0.007135,1,3644,U,2414.371972,0.662560914,1238.672255,0.339921036,433.3317949,0.654579751,370.0315246,0.616719208,651.0188896,0.372010794,0.0,0.0,0.0,0.0,0.0,0.0,0.0,0.0,0.0,0.0,0.0,0.0,0.0,0.0,0.0,0.0,0.0,0.0,0.0,0.0,0.0,0.0,0.0,0.0,0.0,0.0,0.0,0.0,0.0,0.0
14007,11001007605,DC,District of Columbia,0,1,0,1,1,0,0,1,0,1,0,0,0,1,1,0,1581,102.0,0.0295909,1,3447,U,617.6401367,0.179181937,258.8126755,0.075083457,95.53553772,0.139671839,55.56919098,0.131680547,156.4212065,0.098938145,0.0,0.0,0.0,0.0,0.0,0.0,0.0,0.0,0.0,0.0,0.0,0.0,0.0,0.0,0.0,0.0,0.0,0.0,0.0,0.0,0.0,0.0,0.0,0.0,0.0,0.0,0.0,0.0,0.0,0.0
14008,11001007703,DC,District of Columbia,0,1,0,1,1,0,0,1,0,1,0,0,0,1,1,0,2103,25.0,0.0048197,1,5187,U,2805.912783,0.54095099,1571.810471,0.303028816,874.1831354,0.574364741,220.7546627,0.443282455,638.8596376,0.303784897,0.0,0.0,0.0,0.0,0.0,0.0,0.0,0.0,0.0,0.0,0.0,0.0,0.0,0.0,0.0,0.0,0.0,0.0,0.0,0.0,0.0,0.0,0.0,0.0,0.0,0.0,0.0,0.0,0.0,0.0
14009,11001007707,DC,District of Columbia,0,1,0,1,1,0,0,1,0,1,0,0,0,1,1,0,1555,17.0,0.0043962,1,3867,U,2635.674787,0.681581274,1142.78669,0.295522806,712.2143178,0.694166002,452.211784,0.701103541,345.5739281,0.222234037,0.0,0.0,0.0,0.0,0.0,0.0,0.0,0.0,0.0,0.0,0.0,0.0,0.0,0.0,0.0,0.0,0.0,0.0,0.0,0.0,0.0,0.0,0.0,0.0,0.0,0.0,0.0,0.0,0.0,0.0
14010,11001007708,DC,District of Columbia,0,1,0,1,1,0,0,1,0,1,0,0,0,1,1,0,1084,0.0,0.0,1,2486,U,1257.475142,0.505822664,814.7964012,0.327753983,271.2487264,0.417948731,156.3303866,0.630364462,239.6214981,0.221053043,0.0,0.0,0.0,0.0,0.0,0.0,0.0,0.0,0.0,0.0,0.0,0.0,0.0,0.0,0.0,0.0,0.0,0.0,0.0,0.0,0.0,0.0,0.0,0.0,0.0,0.0,0.0,0.0,0.0,0.0
14011,11001007709,DC,District of Columbia,0,1,0,1,1,0,0,1,0,1,0,0,0,1,1,0,979,17.0,0.0084704,1,2007,U,2007.000007,1.000000004,892.248731,0.444568376,408.0000039,1.000000009,305.000002,1.000000007,336.1672734,0.343378216,460.1222355,0.229258712,204.4583611,0.101872626,94.55927116,0.23176292,69.52741199,0.227958728,81.60285524,0.083353274,0.0,0.0,0.0,0.0,0.0,0.0,0.0,0.0,0.0,0.0,0.0,0.0,0.0,0.0,0.0,0.0,0.0,0.0,0.0,0.0
14012,11001007803,DC,District of Columbia,0,1,0,1,1,0,0,1,0,1,0,0,0,1,1,0,1438,37.0,0.011236,1,3293,U,1481.281153,0.449827256,754.111102,0.229004282,329.0467506,0.438729001,232.0414683,0.540889204,367.7207685,0.255716807,0.0,0.0,0.0,0.0,0.0,0.0,0.0,0.0,0.0,0.0,0.0,0.0,0.0,0.0,0.0,0.0,0.0,0.0,0.0,0.0,0.0,0.0,0.0,0.0,0.0,0.0,0.0,0.0,0.0,0.0
14013,11001007804,DC,District of Columbia,0,1,0,1,1,0,0,1,0,1,0,0,0,1,1,0,1212,216.0,0.0626814,1,3446,U,3445.999997,0.999999999,1982.15763,0.575205348,1013.999997,0.999999998,461.0000004,1.000000001,722.4255927,0.59606072,0.0,0.0,0.0,0.0,0.0,0.0,0.0,0.0,0.0,0.0,0.0,0.0,0.0,0.0,0.0,0.0,0.0,0.0,0.0,0.0,0.0,0.0,0.0,0.0,0.0,0.0,0.0,0.0,0.0,0.0
14014,11001007806,DC,District of Columbia,1,1,1,1,1,0,1,1,1,1,1,0,0,1,1,0,964,10.0,0.0042608,1,2347,U,2347.000003,1.000000001,1000.795777,0.426414903,550.0000011,1.000000002,292.0000017,1.000000006,330.0667897,0.342392935,1785.884282,0.760922148,761.0615045,0.324269921,416.818526,0.757851865,227.9543955,0.780665738,248.4424837,0.257720419,0.0,0.0,0.0,0.0,0.0,0.0,0.0,0.0,0.0,0.0,0.0,0.0,0.0,0.0,0.0,0.0,0.0,0.0,0.0,0.0
14015,11001007807,DC,District of Columbia,0,1,0,1,1,0,0,1,0,1,0,0,0,1,1,0,810,39.0,0.0182328,1,2139,U,1484.08902,0.693823759,761.4326289,0.355975984,362.3224274,0.663594189,184.2829679,0.755258065,205.4163784,0.253600467,0.0,0.0,0.0,0.0,0.0,0.0,0.0,0.0,0.0,0.0,0.0,0.0,0.0,0.0,0.0,0.0,0.0,0.0,0.0,0.0,0.0,0.0,0.0,0.0,0.0,0.0,0.0,0.0,0.0,0.0
14016,11001007808,DC,District of Columbia,0,1,0,1,1,0,0,1,0,1,0,0,0,1,1,0,1352,26.0,0.0071311,1,3646,U,2032.89682,0.557569067,1442.718434,0.395698967,716.0922299,0.649811461,179.4654271,0.381841334,343.0187739,0.253712111,0.0,0.0,0.0,0.0,0.0,0.0,0.0,0.0,0.0,0.0,0.0,0.0,0.0,0.0,0.0,0.0,0.0,0.0,0.0,0.0,0.0,0.0,0.0,0.0,0.0,0.0,0.0,0.0,0.0,0.0
14017,11001007809,DC,District of Columbia,1,1,1,1,1,0,1,1,1,1,1,0,0,1,1,0,1135,16.0,0.0054757,1,2922,U,2922.000012,1.000000004,1812.390824,0.620256955,792.9999951,0.999999994,317.9999986,0.999999996,608.6268695,0.536235127,598.0361902,0.204666732,354.7624764,0.121410841,180.5434497,0.227671437,58.87210861,0.185132417,116.5950436,0.102726911,0.0,0.0,0.0,0.0,0.0,0.0,0.0,0.0,0.0,0.0,0.0,0.0,0.0,0.0,0.0,0.0,0.0,0.0,0.0,0.0
14018,11001007901,DC,District of Columbia,0,0,0,0,1,0,0,0,0,0,0,0,0,0,0,0,1540,0.0,0.0,1,3822,U,0.0,0.0,0.0,0.0,0.0,0.0,0.0,0.0,0.0,0.0,0.0,0.0,0.0,0.0,0.0,0.0,0.0,0.0,0.0,0.0,0.0,0.0,0.0,0.0,0.0,0.0,0.0,0.0,0.0,0.0,0.0,0.0,0.0,0.0,0.0,0.0,0.0,0.0,0.0,0.0
14019,11001007903,DC,District of Columbia,0,0,0,0,1,0,0,0,0,0,0,0,0,0,0,0,778,0.0,0.0,1,1774,U,409.814508,0.23101156,137.530972,0.077525914,76.81418073,0.209302945,62.85853165,0.245541139,75.03786969,0.096449704,0.0,0.0,0.0,0.0,0.0,0.0,0.0,0.0,0.0,0.0,0.0,0.0,0.0,0.0,0.0,0.0,0.0,0.0,0.0,0.0,0.0,0.0,0.0,0.0,0.0,0.0,0.0,0.0,0.0,0.0
14020,11001008001,DC,District of Columbia,0,0,0,0,1,0,0,0,0,0,0,0,0,0,0,0,1286,56.0,0.0201149,0,2784,U,0.0,0.0,0.0,0.0,0.0,0.0,0.0,0.0,0.0,0.0,0.0,0.0,0.0,0.0,0.0,0.0,0.0,0.0,0.0,0.0,0.0,0.0,0.0,0.0,0.0,0.0,0.0,0.0,0.0,0.0,0.0,0.0,0.0,0.0,0.0,0.0,0.0,0.0,0.0,0.0
14021,11001008002,DC,District of Columbia,0,0,0,0,1,0,0,0,0,0,0,0,0,0,0,0,1477,57.0,0.0188057,0,3031,U,3.374794602,0.001113426,0.57063137,0.000188265,0.688025698,0.001649942,0.163783565,0.000618051,0.726776153,0.000492062,0.0,0.0,0.0,0.0,0.0,0.0,0.0,0.0,0.0,0.0,0.0,0.0,0.0,0.0,0.0,0.0,0.0,0.0,0.0,0.0,0.0,0.0,0.0,0.0,0.0,0.0,0.0,0.0,0.0,0.0
14022,11001008100,DC,District of Columbia,0,0,0,0,1,0,0,0,0,0,0,0,0,0,0,0,1452,0.0,0.0,0,2910,U,0.0,0.0,0.0,0.0,0.0,0.0,0.0,0.0,0.0,0.0,0.0,0.0,0.0,0.0,0.0,0.0,0.0,0.0,0.0,0.0,0.0,0.0,0.0,0.0,0.0,0.0,0.0,0.0,0.0,0.0,0.0,0.0,0.0,0.0,0.0,0.0,0.0,0.0,0.0,0.0
14023,11001008200,DC,District of Columbia,0,0,0,0,1,0,0,0,0,0,0,0,0,0,0,0,1522,237.0,0.08122,0,2918,U,0.0,0.0,0.0,0.0,0.0,0.0,0.0,0.0,0.0,0.0,0.0,0.0,0.0,0.0,0.0,0.0,0.0,0.0,0.0,0.0,0.0,0.0,0.0,0.0,0.0,0.0,0.0,0.0,0.0,0.0,0.0,0.0,0.0,0.0,0.0,0.0,0.0,0.0,0.0,0.0
14024,11001008301,DC,District of Columbia,0,0,0,0,1,0,0,0,0,0,0,0,0,0,0,0,1072,79.0,0.0346643,0,2279,U,0.0,0.0,0.0,0.0,0.0,0.0,0.0,0.0,0.0,0.0,0.0,0.0,0.0,0.0,0.0,0.0,0.0,0.0,0.0,0.0,0.0,0.0,0.0,0.0,0.0,0.0,0.0,0.0,0.0,0.0,0.0,0.0,0.0,0.0,0.0,0.0,0.0,0.0,0.0,0.0
14025,11001008302,DC,District of Columbia,0,0,0,0,1,0,0,0,0,0,0,0,0,0,0,0,966,132.0,0.0598368,0,2206,U,0.0,0.0,0.0,0.0,0.0,0.0,0.0,0.0,0.0,0.0,0.0,0.0,0.0,0.0,0.0,0.0,0.0,0.0,0.0,0.0,0.0,0.0,0.0,0.0,0.0,0.0,0.0,0.0,0.0,0.0,0.0,0.0,0.0,0.0,0.0,0.0,0.0,0.0,0.0,0.0
14026,11001008402,DC,District of Columbia,0,0,0,0,1,0,0,0,0,0,0,0,0,0,0,0,1174,16.0,0.0074453,1,2149,U,0.0,0.0,0.0,0.0,0.0,0.0,0.0,0.0,0.0,0.0,0.0,0.0,0.0,0.0,0.0,0.0,0.0,0.0,0.0,0.0,0.0,0.0,0.0,0.0,0.0,0.0,0.0,0.0,0.0,0.0,0.0,0.0,0.0,0.0,0.0,0.0,0.0,0.0,0.0,0.0
14027,11001008410,DC,District of Columbia,0,0,0,0,1,0,0,0,0,0,0,0,0,0,0,0,604,2.0,0.0013432,0,1489,U,0.0,0.0,0.0,0.0,0.0,0.0,0.0,0.0,0.0,0.0,0.0,0.0,0.0,0.0,0.0,0.0,0.0,0.0,0.0,0.0,0.0,0.0,0.0,0.0,0.0,0.0,0.0,0.0,0.0,0.0,0.0,0.0,0.0,0.0,0.0,0.0,0.0,0.0,0.0,0.0
14028,11001008701,DC,District of Columbia,0,0,0,0,1,0,0,0,0,0,0,0,0,0,0,0,873,114.0,0.0473619,1,2407,U,0.0,0.0,0.0,0.0,0.0,0.0,0.0,0.0,0.0,0.0,0.0,0.0,0.0,0.0,0.0,0.0,0.0,0.0,0.0,0.0,0.0,0.0,0.0,0.0,0.0,0.0,0.0,0.0,0.0,0.0,0.0,0.0,0.0,0.0,0.0,0.0,0.0,0.0,0.0,0.0
14029,11001008702,DC,District of Columbia,0,0,0,0,1,0,0,0,0,0,0,0,0,0,0,0,713,29.0,0.0181363,1,1599,U,0.0,0.0,0.0,0.0,0.0,0.0,0.0,0.0,0.0,0.0,0.0,0.0,0.0,0.0,0.0,0.0,0.0,0.0,0.0,0.0,0.0,0.0,0.0,0.0,0.0,0.0,0.0,0.0,0.0,0.0,0.0,0.0,0.0,0.0,0.0,0.0,0.0,0.0,0.0,0.0
14030,11001008802,DC,District of Columbia,0,0,0,0,1,0,0,0,0,0,0,0,0,0,0,0,1746,8.0,0.0019422,1,4119,U,0.0,0.0,0.0,0.0,0.0,0.0,0.0,0.0,0.0,0.0,0.0,0.0,0.0,0.0,0.0,0.0,0.0,0.0,0.0,0.0,0.0,0.0,0.0,0.0,0.0,0.0,0.0,0.0,0.0,0.0,0.0,0.0,0.0,0.0,0.0,0.0,0.0,0.0,0.0,0.0
14031,11001008803,DC,District of Columbia,0,0,0,0,1,0,0,0,0,0,0,0,0,0,0,0,442,1050.0,0.5154639,1,2037,U,0.0,0.0,0.0,0.0,0.0,0.0,0.0,0.0,0.0,0.0,0.0,0.0,0.0,0.0,0.0,0.0,0.0,0.0,0.0,0.0,0.0,0.0,0.0,0.0,0.0,0.0,0.0,0.0,0.0,0.0,0.0,0.0,0.0,0.0,0.0,0.0,0.0,0.0,0.0,0.0
14032,11001008804,DC,District of Columbia,0,0,0,0,1,0,0,0,0,0,0,0,0,0,0,0,1096,1.0,0.0004146,1,2412,U,0.0,0.0,0.0,0.0,0.0,0.0,0.0,0.0,0.0,0.0,0.0,0.0,0.0,0.0,0.0,0.0,0.0,0.0,0.0,0.0,0.0,0.0,0.0,0.0,0.0,0.0,0.0,0.0,0.0,0.0,0.0,0.0,0.0,0.0,0.0,0.0,0.0,0.0,0.0,0.0
14033,11001008903,DC,District of Columbia,0,0,0,0,1,0,0,0,0,0,0,0,0,0,0,0,1150,0.0,0.0,1,2633,U,3.387954235,0.001286728,1.709735036,0.000649349,0.669225514,0.001044034,0.418265939,0.001442296,0.648763597,0.000564142,0.0,0.0,0.0,0.0,0.0,0.0,0.0,0.0,0.0,0.0,0.0,0.0,0.0,0.0,0.0,0.0,0.0,0.0,0.0,0.0,0.0,0.0,0.0,0.0,0.0,0.0,0.0,0.0,0.0,0.0
14034,11001008904,DC,District of Columbia,0,0,0,1,1,0,0,0,0,0,0,0,0,1,1,0,1539,0.0,0.0,1,3309,U,414.6788511,0.12531848,249.5965457,0.0754296,102.6477711,0.138713204,31.79355872,0.096931581,108.6413109,0.070592145,0.0,0.0,0.0,0.0,0.0,0.0,0.0,0.0,0.0,0.0,0.0,0.0,0.0,0.0,0.0,0.0,0.0,0.0,0.0,0.0,0.0,0.0,0.0,0.0,0.0,0.0,0.0,0.0,0.0,0.0
14035,11001009000,DC,District of Columbia,0,1,0,1,1,0,0,1,0,1,0,0,0,1,1,0,1553,190.0,0.0695461,1,2732,U,2636.702735,0.965118131,812.9548536,0.297567662,288.2454801,0.954455232,783.9806676,0.973889028,587.8095352,0.378499379,226.6671429,0.082967475,55.30615473,0.020243834,26.43388605,0.087529424,77.4279182,0.096183749,48.02836937,0.030926188,0.0,0.0,0.0,0.0,0.0,0.0,0.0,0.0,0.0,0.0,0.0,0.0,0.0,0.0,0.0,0.0,0.0,0.0,0.0,0.0
14036,11001009102,DC,District of Columbia,0,1,0,1,1,0,0,1,0,1,0,0,0,1,1,0,1662,36.0,0.008723,1,4127,U,2311.913453,0.560192259,1063.333956,0.257653006,605.7285325,0.556735784,294.9208789,0.571552091,372.0283938,0.223843799,0.0,0.0,0.0,0.0,0.0,0.0,0.0,0.0,0.0,0.0,0.0,0.0,0.0,0.0,0.0,0.0,0.0,0.0,0.0,0.0,0.0,0.0,0.0,0.0,0.0,0.0,0.0,0.0,0.0,0.0
14037,11001009201,DC,District of Columbia,0,0,0,0,1,0,0,0,0,0,0,0,0,0,0,0,570,803.0,0.4063765,1,1976,U,0.0,0.0,0.0,0.0,0.0,0.0,0.0,0.0,0.0,0.0,0.0,0.0,0.0,0.0,0.0,0.0,0.0,0.0,0.0,0.0,0.0,0.0,0.0,0.0,0.0,0.0,0.0,0.0,0.0,0.0,0.0,0.0,0.0,0.0,0.0,0.0,0.0,0.0,0.0,0.0
14038,11001009203,DC,District of Columbia,0,1,0,0,1,0,0,1,0,1,0,0,0,0,0,0,1065,24.0,0.0092951,1,2582,U,558.7957145,0.216419719,98.9599631,0.038326864,93.31858462,0.197290877,87.60012674,0.267890296,48.92596174,0.04593987,0.0,0.0,0.0,0.0,0.0,0.0,0.0,0.0,0.0,0.0,0.0,0.0,0.0,0.0,0.0,0.0,0.0,0.0,0.0,0.0,0.0,0.0,0.0,0.0,0.0,0.0,0.0,0.0,0.0,0.0
14039,11001009204,DC,District of Columbia,0,0,0,0,1,0,0,0,0,0,0,0,0,0,0,0,1292,0.0,0.0,1,2557,U,0.0,0.0,0.0,0.0,0.0,0.0,0.0,0.0,0.0,0.0,0.0,0.0,0.0,0.0,0.0,0.0,0.0,0.0,0.0,0.0,0.0,0.0,0.0,0.0,0.0,0.0,0.0,0.0,0.0,0.0,0.0,0.0,0.0,0.0,0.0,0.0,0.0,0.0,0.0,0.0
14040,11001009301,DC,District of Columbia,0,1,0,0,1,0,0,1,0,1,0,0,0,0,0,0,1162,75.0,0.0238626,1,3143,U,624.6044297,0.19872874,242.0233578,0.077003932,122.4247596,0.232746691,90.46730959,0.191262811,74.88557855,0.06444542,0.0,0.0,0.0,0.0,0.0,0.0,0.0,0.0,0.0,0.0,0.0,0.0,0.0,0.0,0.0,0.0,0.0,0.0,0.0,0.0,0.0,0.0,0.0,0.0,0.0,0.0,0.0,0.0,0.0,0.0
14041,11001009302,DC,District of Columbia,0,0,0,0,1,0,0,0,0,0,0,0,0,0,0,0,460,6.0,0.0050463,0,1189,U,292.8710213,0.246317091,62.56899393,0.052623208,54.86198139,0.237497755,29.04642802,0.225166109,30.46433121,0.066226807,0.0,0.0,0.0,0.0,0.0,0.0,0.0,0.0,0.0,0.0,0.0,0.0,0.0,0.0,0.0,0.0,0.0,0.0,0.0,0.0,0.0,0.0,0.0,0.0,0.0,0.0,0.0,0.0,0.0,0.0
14042,11001009400,DC,District of Columbia,0,1,0,1,1,0,0,1,0,1,0,0,0,1,1,0,1651,116.0,0.0278645,1,4163,U,3819.60517,0.917512652,837.3749211,0.20114699,721.8206895,0.94232466,709.6129362,0.889239268,330.6335838,0.200262619,0.0,0.0,0.0,0.0,0.0,0.0,0.0,0.0,0.0,0.0,0.0,0.0,0.0,0.0,0.0,0.0,0.0,0.0,0.0,0.0,0.0,0.0,0.0,0.0,0.0,0.0,0.0,0.0,0.0,0.0
14043,11001009501,DC,District of Columbia,1,1,1,1,1,0,1,1,1,1,1,0,0,1,1,0,1802,2017.0,0.3479386,1,5797,U,5013.179248,0.864788554,2800.300294,0.483060254,697.5852877,0.999405856,470.2908812,0.981818124,656.81062,0.3644898,1721.994245,0.297049206,978.7824267,0.168842923,342.6392885,0.490887233,157.9288431,0.329705309,324.1639551,0.179891207,0.0,0.0,0.0,0.0,0.0,0.0,0.0,0.0,0.0,0.0,0.0,0.0,0.0,0.0,0.0,0.0,0.0,0.0,0.0,0.0
14044,11001009503,DC,District of Columbia,0,0,0,0,1,0,0,1,0,1,0,0,0,0,0,0,1200,176.0,0.0604811,0,2910,U,1786.759863,0.614006826,292.2024522,0.100413214,326.5747155,0.684643009,432.1107102,0.620848722,83.19832051,0.069331934,0.0,0.0,0.0,0.0,0.0,0.0,0.0,0.0,0.0,0.0,0.0,0.0,0.0,0.0,0.0,0.0,0.0,0.0,0.0,0.0,0.0,0.0,0.0,0.0,0.0,0.0,0.0,0.0,0.0,0.0
14045,11001009504,DC,District of Columbia,0,1,0,0,1,0,0,1,0,1,0,0,0,0,0,0,1254,290.0,0.0958678,1,3025,U,1129.454007,0.373373226,208.4356352,0.068904342,137.7679567,0.326464352,369.9183823,0.545602334,58.58396796,0.046717678,0.0,0.0,0.0,0.0,0.0,0.0,0.0,0.0,0.0,0.0,0.0,0.0,0.0,0.0,0.0,0.0,0.0,0.0,0.0,0.0,0.0,0.0,0.0,0.0,0.0,0.0,0.0,0.0,0.0,0.0
14046,11001009505,DC,District of Columbia,0,1,0,0,1,0,0,1,0,1,0,0,0,0,0,0,1138,23.0,0.0087452,1,2630,U,829.4632298,0.315385258,168.4292028,0.064041522,112.3097847,0.259375946,203.3987606,0.317810563,51.68453086,0.045416987,0.0,0.0,0.0,0.0,0.0,0.0,0.0,0.0,0.0,0.0,0.0,0.0,0.0,0.0,0.0,0.0,0.0,0.0,0.0,0.0,0.0,0.0,0.0,0.0,0.0,0.0,0.0,0.0,0.0,0.0
14047,11001009507,DC,District of Columbia,0,0,0,0,1,0,0,0,0,0,0,0,0,0,0,0,583,0.0,0.0,0,1489,U,120.8657688,0.081172444,32.17153054,0.021606132,19.17775178,0.068491971,25.88840672,0.071912241,2.767051231,0.004746229,0.0,0.0,0.0,0.0,0.0,0.0,0.0,0.0,0.0,0.0,0.0,0.0,0.0,0.0,0.0,0.0,0.0,0.0,0.0,0.0,0.0,0.0,0.0,0.0,0.0,0.0,0.0,0.0,0.0,0.0
14048,11001009508,DC,District of Columbia,0,1,0,1,1,0,0,1,0,1,0,0,0,1,1,0,1578,3.0,0.0009119,1,3290,U,1092.90192,0.332189033,334.152771,0.101566192,126.9301146,0.251346762,185.6607307,0.239562233,358.2622766,0.227035663,169.764679,0.051600206,50.82296753,0.01544771,31.94276619,0.063253002,36.61214638,0.047241479,52.47887039,0.033256572,0.0,0.0,0.0,0.0,0.0,0.0,0.0,0.0,0.0,0.0,0.0,0.0,0.0,0.0,0.0,0.0,0.0,0.0,0.0,0.0
14049,11001009509,DC,District of Columbia,0,0,0,0,1,0,0,1,0,1,0,0,0,0,0,0,1258,9.0,0.0030612,0,2940,U,2639.138738,0.897666237,431.8605222,0.146891334,480.7847219,0.890342078,578.603031,0.892905912,84.85549055,0.067452695,0.004513553,1.53522e-06,0.00112022,3.81027e-07,0.001192259,2.20789e-06,0.001021937,1.57706e-06,6.40311e-05,5.08991e-08,0.0,0.0,0.0,0.0,0.0,0.0,0.0,0.0,0.0,0.0,0.0,0.0,0.0,0.0,0.0,0.0,0.0,0.0,0.0,0.0
14050,11001009601,DC,District of Columbia,1,1,1,1,1,0,1,1,1,1,1,0,0,1,1,0,786,38.0,0.0155419,1,2445,U,2444.999979,0.999999992,1631.392197,0.667236072,847.0000021,1.000000003,233.0000021,1.000000009,243.8992977,0.31030445,1945.711472,0.795792013,1298.24889,0.530981141,729.35529,0.861104239,146.1329751,0.627180151,183.9887635,0.234082396,0.0,0.0,0.0,0.0,0.0,0.0,0.0,0.0,0.0,0.0,0.0,0.0,0.0,0.0,0.0,0.0,0.0,0.0,0.0,0.0
14051,11001009602,DC,District of Columbia,0,1,0,1,1,0,0,1,0,1,0,0,0,1,1,0,1445,0.0,0.0,1,3280,U,3275.444069,0.998610997,1974.053978,0.601845725,992.1302528,0.999124122,254.6686634,0.998700641,687.5596905,0.475819855,0.0,0.0,0.0,0.0,0.0,0.0,0.0,0.0,0.0,0.0,0.0,0.0,0.0,0.0,0.0,0.0,0.0,0.0,0.0,0.0,0.0,0.0,0.0,0.0,0.0,0.0,0.0,0.0,0.0,0.0
14052,11001009603,DC,District of Columbia,0,0,0,0,1,0,0,0,0,0,0,0,0,0,0,0,1588,44.0,0.0130448,1,3373,U,119.4171066,0.035403826,46.34876633,0.013741111,28.72220802,0.039507851,16.5605526,0.029731692,22.44980621,0.014137158,0.0,0.0,0.0,0.0,0.0,0.0,0.0,0.0,0.0,0.0,0.0,0.0,0.0,0.0,0.0,0.0,0.0,0.0,0.0,0.0,0.0,0.0,0.0,0.0,0.0,0.0,0.0,0.0,0.0,0.0
14053,11001009604,DC,District of Columbia,0,0,0,0,1,0,0,0,0,0,0,0,0,0,0,0,927,14.0,0.0071356,1,1962,U,0.0,0.0,0.0,0.0,0.0,0.0,0.0,0.0,0.0,0.0,0.0,0.0,0.0,0.0,0.0,0.0,0.0,0.0,0.0,0.0,0.0,0.0,0.0,0.0,0.0,0.0,0.0,0.0,0.0,0.0,0.0,0.0,0.0,0.0,0.0,0.0,0.0,0.0,0.0,0.0
14054,11001009700,DC,District of Columbia,0,0,0,0,1,0,0,0,0,0,0,0,0,0,0,0,1179,116.0,0.0365124,1,3177,U,88.65216325,0.027904364,38.19218559,0.012021462,36.5713899,0.03970835,5.157889366,0.014736827,12.00374485,0.010181293,0.0,0.0,0.0,0.0,0.0,0.0,0.0,0.0,0.0,0.0,0.0,0.0,0.0,0.0,0.0,0.0,0.0,0.0,0.0,0.0,0.0,0.0,0.0,0.0,0.0,0.0,0.0,0.0,0.0,0.0
14055,11001009801,DC,District of Columbia,0,0,0,0,1,0,0,0,0,0,0,0,0,0,0,0,677,6.0,0.0038095,1,1575,U,0.0,0.0,0.0,0.0,0.0,0.0,0.0,0.0,0.0,0.0,0.0,0.0,0.0,0.0,0.0,0.0,0.0,0.0,0.0,0.0,0.0,0.0,0.0,0.0,0.0,0.0,0.0,0.0,0.0,0.0,0.0,0.0,0.0,0.0,0.0,0.0,0.0,0.0,0.0,0.0
14056,11001009802,DC,District of Columbia,0,0,0,0,1,0,0,0,0,0,0,0,0,0,0,0,677,0.0,0.0,1,1693,U,0.0,0.0,0.0,0.0,0.0,0.0,0.0,0.0,0.0,0.0,0.0,0.0,0.0,0.0,0.0,0.0,0.0,0.0,0.0,0.0,0.0,0.0,0.0,0.0,0.0,0.0,0.0,0.0,0.0,0.0,0.0,0.0,0.0,0.0,0.0,0.0,0.0,0.0,0.0,0.0
14057,11001009803,DC,District of Columbia,0,1,0,1,1,0,0,1,0,1,0,0,0,1,1,0,1201,35.0,0.0126904,1,2758,U,1754.496755,0.636148207,945.7532636,0.342912713,529.2649119,0.69823867,153.924562,0.628263518,380.0907396,0.316478551,0.0,0.0,0.0,0.0,0.0,0.0,0.0,0.0,0.0,0.0,0.0,0.0,0.0,0.0,0.0,0.0,0.0,0.0,0.0,0.0,0.0,0.0,0.0,0.0,0.0,0.0,0.0,0.0,0.0,0.0
14058,11001009804,DC,District of Columbia,0,1,0,1,1,0,0,1,0,1,0,0,0,1,1,0,955,21.0,0.0084917,1,2473,U,2241.17258,0.906256603,1099.257027,0.444503448,629.6558531,0.905979645,206.1434717,0.924410187,390.4976026,0.408898013,0.0,0.0,0.0,0.0,0.0,0.0,0.0,0.0,0.0,0.0,0.0,0.0,0.0,0.0,0.0,0.0,0.0,0.0,0.0,0.0,0.0,0.0,0.0,0.0,0.0,0.0,0.0,0.0,0.0,0.0
14059,11001009807,DC,District of Columbia,0,0,0,0,1,0,0,0,0,0,0,0,0,0,0,0,1350,76.0,0.0247396,1,3072,U,56.48386765,0.018386676,23.54628563,0.007664807,7.84498167,0.011605002,13.89682388,0.034060843,7.421043396,0.005497069,0.0,0.0,0.0,0.0,0.0,0.0,0.0,0.0,0.0,0.0,0.0,0.0,0.0,0.0,0.0,0.0,0.0,0.0,0.0,0.0,0.0,0.0,0.0,0.0,0.0,0.0,0.0,0.0,0.0,0.0
14060,11001009810,DC,District of Columbia,0,0,0,0,1,0,0,0,0,0,0,0,0,0,0,0,1103,21.0,0.0083765,1,2507,U,0.0,0.0,0.0,0.0,0.0,0.0,0.0,0.0,0.0,0.0,0.0,0.0,0.0,0.0,0.0,0.0,0.0,0.0,0.0,0.0,0.0,0.0,0.0,0.0,0.0,0.0,0.0,0.0,0.0,0.0,0.0,0.0,0.0,0.0,0.0,0.0,0.0,0.0,0.0,0.0
14061,11001009811,DC,District of Columbia,0,0,0,0,1,0,0,0,0,0,0,0,0,0,0,0,1819,0.0,0.0,1,4365,U,38.6975174,0.008865411,25.39749908,0.005818442,11.71576214,0.008250537,6.745438576,0.024528868,7.147735119,0.003929486,0.0,0.0,0.0,0.0,0.0,0.0,0.0,0.0,0.0,0.0,0.0,0.0,0.0,0.0,0.0,0.0,0.0,0.0,0.0,0.0,0.0,0.0,0.0,0.0,0.0,0.0,0.0,0.0,0.0,0.0
14062,11001009901,DC,District of Columbia,0,0,0,0,1,0,1,1,1,1,1,0,0,0,0,0,1007,11.0,0.0048911,0,2249,U,2249.000021,1.00000001,260.6018491,0.115874544,373.0000054,1.000000014,580.0000036,1.000000006,67.39550235,0.066927013,1435.264766,0.638179087,159.0844531,0.070735639,250.4982808,0.67157716,348.6711882,0.601157221,40.33852066,0.040058114,0.0,0.0,0.0,0.0,0.0,0.0,0.0,0.0,0.0,0.0,0.0,0.0,0.0,0.0,0.0,0.0,0.0,0.0,0.0,0.0
14063,11001009902,DC,District of Columbia,1,1,1,1,1,0,1,1,1,1,1,0,0,1,1,0,1175,26.0,0.0089501,1,2905,U,2750.963927,0.946975534,907.9748904,0.3125559,611.2844406,0.967222216,525.8754969,0.906681891,234.3874647,0.199478693,942.6018368,0.324475675,376.0567551,0.129451551,186.1732967,0.294578001,169.1616293,0.291657982,98.69543834,0.083996118,0.0,0.0,0.0,0.0,0.0,0.0,0.0,0.0,0.0,0.0,0.0,0.0,0.0,0.0,0.0,0.0,0.0,0.0,0.0,0.0
14064,11001009903,DC,District of Columbia,0,1,0,1,1,0,0,1,0,1,0,0,0,1,1,0,644,0.0,0.0,1,1851,U,1774.813797,0.958840517,785.2761178,0.424244256,470.3704345,0.954098244,215.3253329,0.961273808,164.5465231,0.255507024,0.0,0.0,0.0,0.0,0.0,0.0,0.0,0.0,0.0,0.0,0.0,0.0,0.0,0.0,0.0,0.0,0.0,0.0,0.0,0.0,0.0,0.0,0.0,0.0,0.0,0.0,0.0,0.0,0.0,0.0
14065,11001009904,DC,District of Columbia,0,1,0,1,1,0,0,1,0,1,0,0,0,1,1,0,874,16.0,0.0071333,1,2243,U,2243.000012,1.000000005,1021.789497,0.455545919,697.0000077,1.000000011,150.0000017,1.000000011,426.7411424,0.488262177,0.0,0.0,0.0,0.0,0.0,0.0,0.0,0.0,0.0,0.0,0.0,0.0,0.0,0.0,0.0,0.0,0.0,0.0,0.0,0.0,0.0,0.0,0.0,0.0,0.0,0.0,0.0,0.0,0.0,0.0
14066,11001009905,DC,District of Columbia,0,1,0,1,1,0,0,1,0,1,0,0,0,1,1,0,1104,11.0,0.0039356,1,2795,U,2795.000023,1.000000008,1336.563036,0.478197866,783.0000084,1.000000011,281.0000041,1.000000015,385.2107466,0.348922778,0.0,0.0,0.0,0.0,0.0,0.0,0.0,0.0,0.0,0.0,0.0,0.0,0.0,0.0,0.0,0.0,0.0,0.0,0.0,0.0,0.0,0.0,0.0,0.0,0.0,0.0,0.0,0.0,0.0,0.0
14067,11001009906,DC,District of Columbia,0,1,0,1,1,0,0,1,0,1,0,0,0,1,1,0,592,12.0,0.0092593,1,1296,U,1244.913092,0.960581089,497.9652343,0.384232434,283.317497,0.960398295,170.0235554,0.971563174,190.8412892,0.322367043,0.0,0.0,0.0,0.0,0.0,0.0,0.0,0.0,0.0,0.0,0.0,0.0,0.0,0.0,0.0,0.0,0.0,0.0,0.0,0.0,0.0,0.0,0.0,0.0,0.0,0.0,0.0,0.0,0.0,0.0
14068,11001009907,DC,District of Columbia,0,1,0,1,1,0,0,1,0,1,0,0,0,1,1,0,1097,0.0,0.0,1,2836,U,2793.95257,0.985173685,1567.646966,0.552766913,929.5530087,0.9857402,235.4061618,0.98910152,514.176607,0.468711583,0.0,0.0,0.0,0.0,0.0,0.0,0.0,0.0,0.0,0.0,0.0,0.0,0.0,0.0,0.0,0.0,0.0,0.0,0.0,0.0,0.0,0.0,0.0,0.0,0.0,0.0,0.0,0.0,0.0,0.0
14069,11001010100,DC,District of Columbia,0,0,0,0,1,0,0,0,0,0,0,0,0,0,0,0,1794,156.0,0.0595193,1,2621,U,0.0,0.0,0.0,0.0,0.0,0.0,0.0,0.0,0.0,0.0,0.0,0.0,0.0,0.0,0.0,0.0,0.0,0.0,0.0,0.0,0.0,0.0,0.0,0.0,0.0,0.0,0.0,0.0,0.0,0.0,0.0,0.0,0.0,0.0,0.0,0.0,0.0,0.0,0.0,0.0
14070,11001010200,DC,District of Columbia,0,0,0,0,1,0,0,0,0,0,0,0,0,0,0,0,1465,20.0,0.0086059,0,2324,U,54.60896841,0.023497835,7.452826072,0.003206896,2.929526273,0.022362796,17.20425537,0.046623998,6.45769516,0.004407983,0.0,0.0,0.0,0.0,0.0,0.0,0.0,0.0,0.0,0.0,0.0,0.0,0.0,0.0,0.0,0.0,0.0,0.0,0.0,0.0,0.0,0.0,0.0,0.0,0.0,0.0,0.0,0.0,0.0,0.0
14071,11001010300,DC,District of Columbia,0,0,0,0,1,0,0,0,0,0,0,0,0,0,0,0,1173,395.0,0.123941,1,3187,U,26.21704483,0.008226246,16.18433952,0.005078236,0.0,0.0,0.0,0.0,0.0,0.0,0.0,0.0,0.0,0.0,0.0,0.0,0.0,0.0,0.0,0.0,0.0,0.0,0.0,0.0,0.0,0.0,0.0,0.0,0.0,0.0,0.0,0.0,0.0,0.0,0.0,0.0,0.0,0.0,0.0,0.0
14072,11001010400,DC,District of Columbia,1,1,1,1,1,0,1,1,1,1,1,0,0,1,1,0,1528,641.0,0.1468499,1,4365,U,4186.316319,0.959064449,1944.41943,0.445456914,1002.406225,0.999408001,367.2341077,0.929706602,741.8019889,0.485472506,839.2968725,0.192278779,358.4681097,0.082123278,238.3051468,0.23759237,61.95364814,0.156844679,179.3000262,0.117342949,0.0,0.0,0.0,0.0,0.0,0.0,0.0,0.0,0.0,0.0,0.0,0.0,0.0,0.0,0.0,0.0,0.0,0.0,0.0,0.0
14073,11001010500,DC,District of Columbia,0,0,0,0,1,0,0,0,0,0,0,0,0,0,0,0,2000,0.0,0.0,0,3410,U,126.9847989,0.037238944,43.45276725,0.012742747,12.14850563,0.026182124,10.38125658,0.040082072,38.32362369,0.019161812,0.0,0.0,0.0,0.0,0.0,0.0,0.0,0.0,0.0,0.0,0.0,0.0,0.0,0.0,0.0,0.0,0.0,0.0,0.0,0.0,0.0,0.0,0.0,0.0,0.0,0.0,0.0,0.0,0.0,0.0
14074,11001010600,DC,District of Columbia,0,0,0,0,1,0,0,0,0,0,0,0,0,0,0,0,1670,108.0,0.02746,1,3933,U,0.0,0.0,0.0,0.0,0.0,0.0,0.0,0.0,0.0,0.0,0.0,0.0,0.0,0.0,0.0,0.0,0.0,0.0,0.0,0.0,0.0,0.0,0.0,0.0,0.0,0.0,0.0,0.0,0.0,0.0,0.0,0.0,0.0,0.0,0.0,0.0,0.0,0.0,0.0,0.0
14075,11001010700,DC,District of Columbia,0,0,0,0,1,0,0,0,0,0,0,0,0,0,0,0,1244,192.0,0.1044614,1,1838,U,0.0,0.0,0.0,0.0,0.0,0.0,0.0,0.0,0.0,0.0,0.0,0.0,0.0,0.0,0.0,0.0,0.0,0.0,0.0,0.0,0.0,0.0,0.0,0.0,0.0,0.0,0.0,0.0,0.0,0.0,0.0,0.0,0.0,0.0,0.0,0.0,0.0,0.0,0.0,0.0
14076,11001010800,DC,District of Columbia,0,0,0,0,1,0,0,0,0,0,0,0,0,0,0,1,1034,5079.0,0.792603,1,6408,U,6.0,0.00093633,3.705882311,0.000578321,1.0,0.037037037,0.0,0.0,0.0,0.0,0.0,0.0,0.0,0.0,0.0,0.0,0.0,0.0,0.0,0.0,0.0,0.0,0.0,0.0,0.0,0.0,0.0,0.0,0.0,0.0,0.0,0.0,0.0,0.0,0.0,0.0,0.0,0.0,0.0,0.0
14077,11001010900,DC,District of Columbia,0,1,0,0,1,0,0,1,0,1,0,0,0,0,0,0,1161,447.0,0.139209,1,3211,U,786.1916041,0.244843228,434.3222766,0.135260753,122.6371292,0.143435239,25.54940224,0.173805457,73.43317413,0.063249935,33.83765411,0.010538042,18.69321251,0.005821617,5.278296947,0.006173447,1.099645257,0.00748058,3.160560846,0.002722275,0.0,0.0,0.0,0.0,0.0,0.0,0.0,0.0,0.0,0.0,0.0,0.0,0.0,0.0,0.0,0.0,0.0,0.0,0.0,0.0
14078,11001011000,DC,District of Columbia,0,0,0,0,1,0,0,0,0,0,0,0,0,0,0,0,2345,84.0,0.022611,0,3715,U,35.8455193,0.009648861,3.044793099,0.000819594,0.0,0.0,0.0,0.0,0.0,0.0,0.0,0.0,0.0,0.0,0.0,0.0,0.0,0.0,0.0,0.0,0.0,0.0,0.0,0.0,0.0,0.0,0.0,0.0,0.0,0.0,0.0,0.0,0.0,0.0,0.0,0.0,0.0,0.0,0.0,0.0
14079,11001011100,DC,District of Columbia,1,1,1,1,1,0,1,1,1,1,1,0,0,1,1,0,1727,564.0,0.1160733,1,4859,U,4711.930444,0.969732547,1252.145464,0.257696123,881.1842081,0.964096508,926.1550484,0.966758923,353.7605612,0.204841089,567.8224567,0.116859942,96.48733768,0.019857448,117.5214823,0.128579302,89.62106339,0.093550171,23.4531765,0.013580299,0.0,0.0,0.0,0.0,0.0,0.0,0.0,0.0,0.0,0.0,0.0,0.0,0.0,0.0,0.0,0.0,0.0,0.0,0.0,0.0
